{
  "saved_saved_media": [
    {
      "title": "zachnelsonn",
      "string_map_data": {
        "Saved on": {
          "href": "https://www.instagram.com/p/DUPOCePldJd/",
          "timestamp": 1770000147
        }
      }
    },
    {
      "title": "onb.artdesign",
      "string_map_data": {
        "Saved on": {
          "href": "https://www.instagram.com/p/DSIEIl8jDGX/",
          "timestamp": 1767133892
        }
      }
    },
    {
      "title": "danielarsham",
      "string_map_data": {
        "Saved on": {
          "href": "https://www.instagram.com/p/DSLAdHBj3Jj/",
          "timestamp": 1766676816
        }
      }
    },
    {
      "title": "karsynzbitties",
      "string_map_data": {
        "Saved on": {
          "href": "https://www.instagram.com/p/DSf6DTcEd9N/",
          "timestamp": 1766280091
        }
      }
    },
    {
      "title": "redbull",
      "string_map_data": {
        "Saved on": {
          "href": "https://www.instagram.com/reel/DNIweCDCYMk/",
          "timestamp": 1754784030
        }
      }
    },
    {
      "title": "shounenarmy",
      "string_map_data": {
        "Saved on": {
          "href": "https://www.instagram.com/p/DND0CCJxMzA/",
          "timestamp": 1754672797
        }
      }
    },
    {
      "title": "memezar",
      "string_map_data": {
        "Saved on": {
          "href": "https://www.instagram.com/reel/DM9EwEmi6ls/",
          "timestamp": 1754498383
        }
      }
    },
    {
      "title": "pubity",
      "string_map_data": {
        "Saved on": {
          "href": "https://www.instagram.com/p/DMm-gyPR0ac/",
          "timestamp": 1753632597
        }
      }
    },
    {
      "title": "creepyholics",
      "string_map_data": {
        "Saved on": {
          "href": "https://www.instagram.com/p/DMD6OVSBguu/",
          "timestamp": 1752603379
        }
      }
    },
    {
      "title": "ridge",
      "string_map_data": {
        "Saved on": {
          "href": "https://www.instagram.com/p/DLpw1YDs_GU/",
          "timestamp": 1752511737
        }
      }
    },
    {
      "title": "animazing.art",
      "string_map_data": {
        "Saved on": {
          "href": "https://www.instagram.com/p/DK96Ihys9As/",
          "timestamp": 1750222830
        }
      }
    },
    {
      "title": "animazing.art",
      "string_map_data": {
        "Saved on": {
          "href": "https://www.instagram.com/p/DKZrLbMpHbI/",
          "timestamp": 1750222764
        }
      }
    },
    {
      "title": "hoodclips",
      "string_map_data": {
        "Saved on": {
          "href": "https://www.instagram.com/reel/DKqk4a6tAgN/",
          "timestamp": 1749519293
        }
      }
    },
    {
      "title": "julienricojr",
      "string_map_data": {
        "Saved on": {
          "href": "https://www.instagram.com/p/DDXgv9WOb5P/",
          "timestamp": 1742400004
        }
      }
    },
    {
      "title": "southatl4nta0",
      "string_map_data": {
        "Saved on": {
          "href": "https://www.instagram.com/reel/DGN0eS9uYj1/",
          "timestamp": 1741202128
        }
      }
    },
    {
      "title": "rxzarx",
      "string_map_data": {
        "Saved on": {
          "href": "https://www.instagram.com/p/DEPskUkzaUd/",
          "timestamp": 1740844896
        }
      }
    }
  ]
}