{
  "saved_saved_collections": [
    {
      "title": "Collection",
      "string_map_data": {
        "Name": {
          "value": "Fun"
        },
        "Creation Time": {
          "timestamp": 1582435255
        },
        "Update Time": {
          "timestamp": 1650665144
        }
      }
    },
    {
      "title": "Collection",
      "string_map_data": {
        "Name": {
          "value": "Amv"
        },
        "Creation Time": {
          "timestamp": 1496986584
        },
        "Update Time": {
          "timestamp": 1577320805
        }
      }
    },
    {
      "title": "Collection",
      "string_map_data": {
        "Name": {
          "value": "Avatar memes"
        },
        "Creation Time": {
          "timestamp": 1591918852
        },
        "Update Time": {
          "timestamp": 1737933477
        }
      }
    },
    {
      "title": "Collection",
      "string_map_data": {
        "Name": {
          "value": "Og memes"
        },
        "Creation Time": {
          "timestamp": 1497624164
        },
        "Update Time": {
          "timestamp": 1636249863
        }
      }
    },
    {
      "title": "Collection",
      "string_map_data": {
        "Name": {
          "value": "Why"
        },
        "Creation Time": {
          "timestamp": 1512885237
        },
        "Update Time": {
          "timestamp": 1748930520
        }
      }
    },
    {
      "title": "Collection",
      "string_map_data": {
        "Name": {
          "value": "Food"
        },
        "Creation Time": {
          "timestamp": 1704477884
        },
        "Update Time": {
          "timestamp": 1704477885
        }
      }
    },
    {
      "string_map_data": {
        "Name": {
          "href": "https://www.instagram.com/reel/DKqk4a6tAgN/",
          "value": "hoodclips"
        },
        "Added Time": {
          "timestamp": 1749519294
        }
      }
    }
  ]
}