{
  "account_history_login_history": [
    {
      "title": "2026-02-09T17:57:10+00:00",
      "media_map_data": {
        
      },
      "string_map_data": {
        "Cookie Name": {
          "href": "",
          "value": "*************************PBQ",
          "timestamp": 0
        },
        "IP Address": {
          "href": "",
          "value": "149.31.203.25",
          "timestamp": 0
        },
        "Port": {
          "href": "",
          "value": "48930",
          "timestamp": 0
        },
        "Language Code": {
          "href": "",
          "value": "en",
          "timestamp": 0
        },
        "Time": {
          "href": "",
          "value": "",
          "timestamp": 1770659830
        },
        "User Agent": {
          "href": "",
          "value": "Mozilla/5.0 (Windows NT 10.0; Win64; x64) AppleWebKit/537.36 (KHTML, like Gecko) Chrome/144.0.0.0 Safari/537.36",
          "timestamp": 0
        }
      }
    },
    {
      "title": "2025-09-04T12:31:47+00:00",
      "media_map_data": {
        
      },
      "string_map_data": {
        "Cookie Name": {
          "href": "",
          "value": "*************************Kyy",
          "timestamp": 0
        },
        "IP Address": {
          "href": "",
          "value": "2603:7000:2600:c223:397b:a839:8111:f2a1",
          "timestamp": 0
        },
        "Port": {
          "href": "",
          "value": "44586",
          "timestamp": 0
        },
        "Language Code": {
          "href": "",
          "value": "en",
          "timestamp": 0
        },
        "Time": {
          "href": "",
          "value": "",
          "timestamp": 1756989107
        },
        "User Agent": {
          "href": "",
          "value": "Mozilla/5.0 (iPhone; CPU iPhone OS 18_6_2 like Mac OS X) AppleWebKit/605.1.15 (KHTML, like Gecko) Version/18.6 Mobile/15E148 Safari/604.1",
          "timestamp": 0
        }
      }
    },
    {
      "title": "2025-09-03T20:11:06+00:00",
      "media_map_data": {
        
      },
      "string_map_data": {
        "Cookie Name": {
          "href": "",
          "value": "*************************9d_",
          "timestamp": 0
        },
        "IP Address": {
          "href": "",
          "value": "2600:387:15:291a::b",
          "timestamp": 0
        },
        "Port": {
          "href": "",
          "value": "61254",
          "timestamp": 0
        },
        "Language Code": {
          "href": "",
          "value": "en",
          "timestamp": 0
        },
        "Time": {
          "href": "",
          "value": "",
          "timestamp": 1756930266
        },
        "User Agent": {
          "href": "",
          "value": "Mozilla/5.0 (Macintosh; Intel Mac OS X 10_15_7) AppleWebKit/537.36 (KHTML, like Gecko) Chrome/138.0.0.0 Safari/537.36",
          "timestamp": 0
        }
      }
    },
    {
      "title": "2025-09-03T20:09:13+00:00",
      "media_map_data": {
        
      },
      "string_map_data": {
        "Cookie Name": {
          "href": "",
          "value": "*************************9d_",
          "timestamp": 0
        },
        "IP Address": {
          "href": "",
          "value": "2600:387:15:291a::b",
          "timestamp": 0
        },
        "Port": {
          "href": "",
          "value": "33838",
          "timestamp": 0
        },
        "Language Code": {
          "href": "",
          "value": "en",
          "timestamp": 0
        },
        "Time": {
          "href": "",
          "value": "",
          "timestamp": 1756930153
        },
        "User Agent": {
          "href": "",
          "value": "Mozilla/5.0 (Macintosh; Intel Mac OS X 10_15_7) AppleWebKit/537.36 (KHTML, like Gecko) Chrome/138.0.0.0 Safari/537.36",
          "timestamp": 0
        }
      }
    },
    {
      "title": "2025-03-10T17:44:51+00:00",
      "media_map_data": {
        
      },
      "string_map_data": {
        "Cookie Name": {
          "href": "",
          "value": "*************************BP-",
          "timestamp": 0
        },
        "IP Address": {
          "href": "",
          "value": "2603:8001:d300:2300:5875:970:dc6:9850",
          "timestamp": 0
        },
        "Port": {
          "href": "",
          "value": "34056",
          "timestamp": 0
        },
        "Language Code": {
          "href": "",
          "value": "en",
          "timestamp": 0
        },
        "Time": {
          "href": "",
          "value": "",
          "timestamp": 1741628691
        },
        "User Agent": {
          "href": "",
          "value": "Instagram 370.0.0.30.84 (iPhone15,2; iOS 18_3_1; en_US; en; scale=3.00; 1179x2556; 703664031) AppleWebKit/420+",
          "timestamp": 0
        }
      }
    },
    {
      "title": "2025-03-10T17:44:49+00:00",
      "media_map_data": {
        
      },
      "string_map_data": {
        "Cookie Name": {
          "href": "",
          "value": "*************************7C-",
          "timestamp": 0
        },
        "IP Address": {
          "href": "",
          "value": "2600:387:15:1119::4",
          "timestamp": 0
        },
        "Port": {
          "href": "",
          "value": "53046",
          "timestamp": 0
        },
        "Language Code": {
          "href": "",
          "value": "en",
          "timestamp": 0
        },
        "Time": {
          "href": "",
          "value": "",
          "timestamp": 1741628689
        },
        "User Agent": {
          "href": "",
          "value": "Instagram 370.0.0.30.84 (iPhone15,2; iOS 18_3_1; en_US; en; scale=3.00; 1179x2556; 703664031) AppleWebKit/420+",
          "timestamp": 0
        }
      }
    },
    {
      "title": "2025-02-13T19:18:41+00:00",
      "media_map_data": {
        
      },
      "string_map_data": {
        "Cookie Name": {
          "href": "",
          "value": "*************************bjl",
          "timestamp": 0
        },
        "IP Address": {
          "href": "",
          "value": "2600:387:15:2918::6",
          "timestamp": 0
        },
        "Port": {
          "href": "",
          "value": "0",
          "timestamp": 0
        },
        "Language Code": {
          "href": "",
          "value": "en",
          "timestamp": 0
        },
        "Time": {
          "href": "",
          "value": "",
          "timestamp": 1739474321
        },
        "User Agent": {
          "href": "",
          "value": "Barcelona 367.0.0.26.98 (iPhone15,2; iOS 18_3; en_US; en; scale=3.00; 1179x2556; 695223093) AppleWebKit/420+",
          "timestamp": 0
        }
      }
    }
  ]
}