{
  "account_history_logout_history": [
    {
      "title": "2025-09-04T17:29:53+00:00",
      "media_map_data": {
        
      },
      "string_map_data": {
        "Cookie Name": {
          "href": "",
          "value": "*************************9d_",
          "timestamp": 0
        },
        "IP Address": {
          "href": "",
          "value": "2600:387:15:2915::a",
          "timestamp": 0
        },
        "Port": {
          "href": "",
          "value": "35617",
          "timestamp": 0
        },
        "Language Code": {
          "href": "",
          "value": "en",
          "timestamp": 0
        },
        "Time": {
          "href": "",
          "value": "",
          "timestamp": 1757006993
        },
        "User Agent": {
          "href": "",
          "value": "Mozilla/5.0 (Macintosh; Intel Mac OS X 10_15_7) AppleWebKit/537.36 (KHTML, like Gecko) Chrome/138.0.0.0 Safari/537.36",
          "timestamp": 0
        }
      }
    },
    {
      "title": "2025-02-13T19:18:43+00:00",
      "media_map_data": {
        
      },
      "string_map_data": {
        "Cookie Name": {
          "href": "",
          "value": "*************************bjl",
          "timestamp": 0
        },
        "IP Address": {
          "href": "",
          "value": "2600:387:15:2918::6",
          "timestamp": 0
        },
        "Port": {
          "href": "",
          "value": "0",
          "timestamp": 0
        },
        "Language Code": {
          "href": "",
          "value": "en",
          "timestamp": 0
        },
        "Time": {
          "href": "",
          "value": "",
          "timestamp": 1739474323
        },
        "User Agent": {
          "href": "",
          "value": "Barcelona 367.0.0.26.98 (iPhone15,2; iOS 18_3; en_US; en; scale=3.00; 1179x2556; 695223093) AppleWebKit/420+",
          "timestamp": 0
        }
      }
    }
  ]
}