{
  "account_history_registration_info": [
    {
      "title": "",
      "media_map_data": {
        
      },
      "string_map_data": {
        "Username": {
          "href": "",
          "value": "",
          "timestamp": 0
        },
        "IP Address": {
          "href": "",
          "value": "198.72.220.1",
          "timestamp": 0
        },
        "Time": {
          "href": "",
          "value": "",
          "timestamp": 1399246942
        },
        "Email": {
          "href": "",
          "value": "aryatavaf@yahoo.net",
          "timestamp": 0
        },
        "Phone Number": {
          "href": "",
          "value": "",
          "timestamp": 0
        },
        "Device": {
          "href": "",
          "value": "",
          "timestamp": 0
        }
      }
    }
  ]
}