{
  "organic_insights_live": [
    {
      "title": "",
      "media_map_data": {
        
      },
      "string_map_data": {
        "Start Time": {
          "href": "",
          "value": "",
          "timestamp": 0
        },
        "Duration": {
          "href": "",
          "value": "0",
          "timestamp": 0
        },
        "Accounts reached": {
          "href": "",
          "value": "--",
          "timestamp": 0
        },
        "Peak Concurrent Viewers": {
          "href": "",
          "value": "--",
          "timestamp": 0
        },
        "Comments": {
          "href": "",
          "value": "--",
          "timestamp": 0
        },
        "Shares": {
          "href": "",
          "value": "--",
          "timestamp": 0
        }
      }
    },
    {
      "title": "",
      "media_map_data": {
        
      },
      "string_map_data": {
        "Start Time": {
          "href": "",
          "value": "",
          "timestamp": 0
        },
        "Duration": {
          "href": "",
          "value": "0",
          "timestamp": 0
        },
        "Accounts reached": {
          "href": "",
          "value": "--",
          "timestamp": 0
        },
        "Peak Concurrent Viewers": {
          "href": "",
          "value": "--",
          "timestamp": 0
        },
        "Comments": {
          "href": "",
          "value": "--",
          "timestamp": 0
        },
        "Shares": {
          "href": "",
          "value": "--",
          "timestamp": 0
        }
      }
    },
    {
      "title": "",
      "media_map_data": {
        
      },
      "string_map_data": {
        "Start Time": {
          "href": "",
          "value": "",
          "timestamp": 0
        },
        "Duration": {
          "href": "",
          "value": "0",
          "timestamp": 0
        },
        "Accounts reached": {
          "href": "",
          "value": "--",
          "timestamp": 0
        },
        "Peak Concurrent Viewers": {
          "href": "",
          "value": "--",
          "timestamp": 0
        },
        "Comments": {
          "href": "",
          "value": "--",
          "timestamp": 0
        },
        "Shares": {
          "href": "",
          "value": "--",
          "timestamp": 0
        }
      }
    }
  ]
}