{
  "relationships_close_friends": [
    {
      "title": "",
      "media_list_data": [
        
      ],
      "string_list_data": [
        {
          "href": "https://www.instagram.com/ellamodes",
          "value": "ellamodes",
          "timestamp": 1766187340
        }
      ]
    },
    {
      "title": "",
      "media_list_data": [
        
      ],
      "string_list_data": [
        {
          "href": "https://www.instagram.com/e1lahickman",
          "value": "e1lahickman",
          "timestamp": 1766187333
        }
      ]
    },
    {
      "title": "",
      "media_list_data": [
        
      ],
      "string_list_data": [
        {
          "href": "https://www.instagram.com/viviannfung",
          "value": "viviannfung",
          "timestamp": 1766187329
        }
      ]
    },
    {
      "title": "",
      "media_list_data": [
        
      ],
      "string_list_data": [
        {
          "href": "https://www.instagram.com/nickrruch",
          "value": "nickrruch",
          "timestamp": 1766187324
        }
      ]
    },
    {
      "title": "",
      "media_list_data": [
        
      ],
      "string_list_data": [
        {
          "href": "https://www.instagram.com/dia.pun",
          "value": "dia.pun",
          "timestamp": 1759943077
        }
      ]
    },
    {
      "title": "",
      "media_list_data": [
        
      ],
      "string_list_data": [
        {
          "href": "https://www.instagram.com/lucaishere_hi",
          "value": "lucaishere_hi",
          "timestamp": 1748990858
        }
      ]
    },
    {
      "title": "",
      "media_list_data": [
        
      ],
      "string_list_data": [
        {
          "href": "https://www.instagram.com/cyrus_bmx",
          "value": "cyrus_bmx",
          "timestamp": 1748990839
        }
      ]
    },
    {
      "title": "",
      "media_list_data": [
        
      ],
      "string_list_data": [
        {
          "href": "https://www.instagram.com/lucavalentine._",
          "value": "lucavalentine._",
          "timestamp": 1748990836
        }
      ]
    }
  ]
}