[
  {
    "title": "",
    "media_list_data": [
      
    ],
    "string_list_data": [
      {
        "href": "https://www.instagram.com/liloshh",
        "value": "liloshh",
        "timestamp": 1770127546
      }
    ]
  },
  {
    "title": "",
    "media_list_data": [
      
    ],
    "string_list_data": [
      {
        "href": "https://www.instagram.com/zachnelsonn",
        "value": "zachnelsonn",
        "timestamp": 1769715706
      }
    ]
  },
  {
    "title": "",
    "media_list_data": [
      
    ],
    "string_list_data": [
      {
        "href": "https://www.instagram.com/fedora.kong",
        "value": "fedora.kong",
        "timestamp": 1769201891
      }
    ]
  },
  {
    "title": "",
    "media_list_data": [
      
    ],
    "string_list_data": [
      {
        "href": "https://www.instagram.com/torfehkhaki",
        "value": "torfehkhaki",
        "timestamp": 1767467765
      }
    ]
  },
  {
    "title": "",
    "media_list_data": [
      
    ],
    "string_list_data": [
      {
        "href": "https://www.instagram.com/somebunniescare",
        "value": "somebunniescare",
        "timestamp": 1767133736
      }
    ]
  },
  {
    "title": "",
    "media_list_data": [
      
    ],
    "string_list_data": [
      {
        "href": "https://www.instagram.com/e1lahickman",
        "value": "e1lahickman",
        "timestamp": 1766603680
      }
    ]
  },
  {
    "title": "",
    "media_list_data": [
      
    ],
    "string_list_data": [
      {
        "href": "https://www.instagram.com/adamg02",
        "value": "adamg02",
        "timestamp": 1766531392
      }
    ]
  },
  {
    "title": "",
    "media_list_data": [
      
    ],
    "string_list_data": [
      {
        "href": "https://www.instagram.com/luluslittlelair",
        "value": "luluslittlelair",
        "timestamp": 1765242478
      }
    ]
  },
  {
    "title": "",
    "media_list_data": [
      
    ],
    "string_list_data": [
      {
        "href": "https://www.instagram.com/melisacollect",
        "value": "melisacollect",
        "timestamp": 1765242443
      }
    ]
  },
  {
    "title": "",
    "media_list_data": [
      
    ],
    "string_list_data": [
      {
        "href": "https://www.instagram.com/jean3hunna",
        "value": "jean3hunna",
        "timestamp": 1765148174
      }
    ]
  },
  {
    "title": "",
    "media_list_data": [
      
    ],
    "string_list_data": [
      {
        "href": "https://www.instagram.com/nicoledrupka",
        "value": "nicoledrupka",
        "timestamp": 1764542086
      }
    ]
  },
  {
    "title": "",
    "media_list_data": [
      
    ],
    "string_list_data": [
      {
        "href": "https://www.instagram.com/g_customs92",
        "value": "g_customs92",
        "timestamp": 1764254347
      }
    ]
  },
  {
    "title": "",
    "media_list_data": [
      
    ],
    "string_list_data": [
      {
        "href": "https://www.instagram.com/claudiamilani9",
        "value": "claudiamilani9",
        "timestamp": 1764031705
      }
    ]
  },
  {
    "title": "",
    "media_list_data": [
      
    ],
    "string_list_data": [
      {
        "href": "https://www.instagram.com/raminazizi__1383",
        "value": "raminazizi__1383",
        "timestamp": 1763403166
      }
    ]
  },
  {
    "title": "",
    "media_list_data": [
      
    ],
    "string_list_data": [
      {
        "href": "https://www.instagram.com/alex__wiese",
        "value": "alex__wiese",
        "timestamp": 1763312189
      }
    ]
  },
  {
    "title": "",
    "media_list_data": [
      
    ],
    "string_list_data": [
      {
        "href": "https://www.instagram.com/nickrruch",
        "value": "nickrruch",
        "timestamp": 1763181765
      }
    ]
  },
  {
    "title": "",
    "media_list_data": [
      
    ],
    "string_list_data": [
      {
        "href": "https://www.instagram.com/slava.lew",
        "value": "slava.lew",
        "timestamp": 1763178952
      }
    ]
  },
  {
    "title": "",
    "media_list_data": [
      
    ],
    "string_list_data": [
      {
        "href": "https://www.instagram.com/merylsamps",
        "value": "merylsamps",
        "timestamp": 1762976847
      }
    ]
  },
  {
    "title": "",
    "media_list_data": [
      
    ],
    "string_list_data": [
      {
        "href": "https://www.instagram.com/corvcollective",
        "value": "corvcollective",
        "timestamp": 1762915802
      }
    ]
  },
  {
    "title": "",
    "media_list_data": [
      
    ],
    "string_list_data": [
      {
        "href": "https://www.instagram.com/viviannfung",
        "value": "viviannfung",
        "timestamp": 1762394804
      }
    ]
  },
  {
    "title": "",
    "media_list_data": [
      
    ],
    "string_list_data": [
      {
        "href": "https://www.instagram.com/ellamodes",
        "value": "ellamodes",
        "timestamp": 1762302655
      }
    ]
  },
  {
    "title": "",
    "media_list_data": [
      
    ],
    "string_list_data": [
      {
        "href": "https://www.instagram.com/fin1eybanks",
        "value": "fin1eybanks",
        "timestamp": 1762195396
      }
    ]
  },
  {
    "title": "",
    "media_list_data": [
      
    ],
    "string_list_data": [
      {
        "href": "https://www.instagram.com/ally.totillo",
        "value": "ally.totillo",
        "timestamp": 1762048821
      }
    ]
  },
  {
    "title": "",
    "media_list_data": [
      
    ],
    "string_list_data": [
      {
        "href": "https://www.instagram.com/ripsashaa",
        "value": "ripsashaa",
        "timestamp": 1762035435
      }
    ]
  },
  {
    "title": "",
    "media_list_data": [
      
    ],
    "string_list_data": [
      {
        "href": "https://www.instagram.com/vvorndorff",
        "value": "vvorndorff",
        "timestamp": 1762028535
      }
    ]
  },
  {
    "title": "",
    "media_list_data": [
      
    ],
    "string_list_data": [
      {
        "href": "https://www.instagram.com/addy.rasgon",
        "value": "addy.rasgon",
        "timestamp": 1762026443
      }
    ]
  },
  {
    "title": "",
    "media_list_data": [
      
    ],
    "string_list_data": [
      {
        "href": "https://www.instagram.com/giannalondres",
        "value": "giannalondres",
        "timestamp": 1761920396
      }
    ]
  },
  {
    "title": "",
    "media_list_data": [
      
    ],
    "string_list_data": [
      {
        "href": "https://www.instagram.com/gffldi",
        "value": "gffldi",
        "timestamp": 1761346563
      }
    ]
  },
  {
    "title": "",
    "media_list_data": [
      
    ],
    "string_list_data": [
      {
        "href": "https://www.instagram.com/k0neko111",
        "value": "k0neko111",
        "timestamp": 1761226604
      }
    ]
  },
  {
    "title": "",
    "media_list_data": [
      
    ],
    "string_list_data": [
      {
        "href": "https://www.instagram.com/carmenisnotcool",
        "value": "carmenisnotcool",
        "timestamp": 1761197110
      }
    ]
  },
  {
    "title": "",
    "media_list_data": [
      
    ],
    "string_list_data": [
      {
        "href": "https://www.instagram.com/cindyh.888",
        "value": "cindyh.888",
        "timestamp": 1761073759
      }
    ]
  },
  {
    "title": "",
    "media_list_data": [
      
    ],
    "string_list_data": [
      {
        "href": "https://www.instagram.com/camioro30",
        "value": "camioro30",
        "timestamp": 1760902443
      }
    ]
  },
  {
    "title": "",
    "media_list_data": [
      
    ],
    "string_list_data": [
      {
        "href": "https://www.instagram.com/celynff",
        "value": "celynff",
        "timestamp": 1760892672
      }
    ]
  },
  {
    "title": "",
    "media_list_data": [
      
    ],
    "string_list_data": [
      {
        "href": "https://www.instagram.com/mae.beeeee",
        "value": "mae.beeeee",
        "timestamp": 1759585640
      }
    ]
  },
  {
    "title": "",
    "media_list_data": [
      
    ],
    "string_list_data": [
      {
        "href": "https://www.instagram.com/lindseypetsche",
        "value": "lindseypetsche",
        "timestamp": 1759523960
      }
    ]
  },
  {
    "title": "",
    "media_list_data": [
      
    ],
    "string_list_data": [
      {
        "href": "https://www.instagram.com/6666race",
        "value": "6666race",
        "timestamp": 1759443001
      }
    ]
  },
  {
    "title": "",
    "media_list_data": [
      
    ],
    "string_list_data": [
      {
        "href": "https://www.instagram.com/cordelia_with_a_canvas",
        "value": "cordelia_with_a_canvas",
        "timestamp": 1759189828
      }
    ]
  },
  {
    "title": "",
    "media_list_data": [
      
    ],
    "string_list_data": [
      {
        "href": "https://www.instagram.com/avayanezz",
        "value": "avayanezz",
        "timestamp": 1758750368
      }
    ]
  },
  {
    "title": "",
    "media_list_data": [
      
    ],
    "string_list_data": [
      {
        "href": "https://www.instagram.com/ari.daniayle",
        "value": "ari.daniayle",
        "timestamp": 1757967087
      }
    ]
  },
  {
    "title": "",
    "media_list_data": [
      
    ],
    "string_list_data": [
      {
        "href": "https://www.instagram.com/beck_es06",
        "value": "beck_es06",
        "timestamp": 1757457851
      }
    ]
  },
  {
    "title": "",
    "media_list_data": [
      
    ],
    "string_list_data": [
      {
        "href": "https://www.instagram.com/_fayeyoungg",
        "value": "_fayeyoungg",
        "timestamp": 1757366765
      }
    ]
  },
  {
    "title": "",
    "media_list_data": [
      
    ],
    "string_list_data": [
      {
        "href": "https://www.instagram.com/vigqo",
        "value": "vigqo",
        "timestamp": 1756051721
      }
    ]
  },
  {
    "title": "",
    "media_list_data": [
      
    ],
    "string_list_data": [
      {
        "href": "https://www.instagram.com/nnezhari",
        "value": "nnezhari",
        "timestamp": 1755782154
      }
    ]
  },
  {
    "title": "",
    "media_list_data": [
      
    ],
    "string_list_data": [
      {
        "href": "https://www.instagram.com/kierandinho",
        "value": "kierandinho",
        "timestamp": 1755728649
      }
    ]
  },
  {
    "title": "",
    "media_list_data": [
      
    ],
    "string_list_data": [
      {
        "href": "https://www.instagram.com/yoyo.v12",
        "value": "yoyo.v12",
        "timestamp": 1754957399
      }
    ]
  },
  {
    "title": "",
    "media_list_data": [
      
    ],
    "string_list_data": [
      {
        "href": "https://www.instagram.com/miles_jarnot",
        "value": "miles_jarnot",
        "timestamp": 1754505232
      }
    ]
  },
  {
    "title": "",
    "media_list_data": [
      
    ],
    "string_list_data": [
      {
        "href": "https://www.instagram.com/cordelia_with_a_curiosity",
        "value": "cordelia_with_a_curiosity",
        "timestamp": 1753660222
      }
    ]
  },
  {
    "title": "",
    "media_list_data": [
      
    ],
    "string_list_data": [
      {
        "href": "https://www.instagram.com/amoyaevans",
        "value": "amoyaevans",
        "timestamp": 1752427806
      }
    ]
  },
  {
    "title": "",
    "media_list_data": [
      
    ],
    "string_list_data": [
      {
        "href": "https://www.instagram.com/that1motofriend",
        "value": "that1motofriend",
        "timestamp": 1749099050
      }
    ]
  },
  {
    "title": "",
    "media_list_data": [
      
    ],
    "string_list_data": [
      {
        "href": "https://www.instagram.com/j.r.obert",
        "value": "j.r.obert",
        "timestamp": 1746720124
      }
    ]
  },
  {
    "title": "",
    "media_list_data": [
      
    ],
    "string_list_data": [
      {
        "href": "https://www.instagram.com/sevenyellowlemons",
        "value": "sevenyellowlemons",
        "timestamp": 1745161697
      }
    ]
  },
  {
    "title": "",
    "media_list_data": [
      
    ],
    "string_list_data": [
      {
        "href": "https://www.instagram.com/mallorypangilinann",
        "value": "mallorypangilinann",
        "timestamp": 1743638965
      }
    ]
  },
  {
    "title": "",
    "media_list_data": [
      
    ],
    "string_list_data": [
      {
        "href": "https://www.instagram.com/izzatopia",
        "value": "izzatopia",
        "timestamp": 1743583744
      }
    ]
  },
  {
    "title": "",
    "media_list_data": [
      
    ],
    "string_list_data": [
      {
        "href": "https://www.instagram.com/_jameshickman",
        "value": "_jameshickman",
        "timestamp": 1741316388
      }
    ]
  },
  {
    "title": "",
    "media_list_data": [
      
    ],
    "string_list_data": [
      {
        "href": "https://www.instagram.com/chloe.glaenzer",
        "value": "chloe.glaenzer",
        "timestamp": 1740682436
      }
    ]
  },
  {
    "title": "",
    "media_list_data": [
      
    ],
    "string_list_data": [
      {
        "href": "https://www.instagram.com/avaa.ramirezzz",
        "value": "avaa.ramirezzz",
        "timestamp": 1739566606
      }
    ]
  }
]