{
  "relationships_hide_stories_from": [
    {
      "title": "",
      "media_list_data": [
        
      ],
      "string_list_data": [
        {
          "href": "https://www.instagram.com/khickman1015",
          "value": "khickman1015",
          "timestamp": 1751395443
        }
      ]
    },
    {
      "title": "",
      "media_list_data": [
        
      ],
      "string_list_data": [
        {
          "href": "https://www.instagram.com/_katkavanagh",
          "value": "_katkavanagh",
          "timestamp": 1751395434
        }
      ]
    }
  ]
}