{
  "relationships_follow_requests_sent": [
    {
      "title": "",
      "media_list_data": [
        
      ],
      "string_list_data": [
        {
          "href": "https://www.instagram.com/ellarennea",
          "value": "ellarennea",
          "timestamp": 1760832874
        }
      ]
    },
    {
      "title": "",
      "media_list_data": [
        
      ],
      "string_list_data": [
        {
          "href": "https://www.instagram.com/mia.benishti",
          "value": "mia.benishti",
          "timestamp": 1758101298
        }
      ]
    },
    {
      "title": "",
      "media_list_data": [
        
      ],
      "string_list_data": [
        {
          "href": "https://www.instagram.com/alejandrannicole",
          "value": "alejandrannicole",
          "timestamp": 1757961659
        }
      ]
    },
    {
      "title": "",
      "media_list_data": [
        
      ],
      "string_list_data": [
        {
          "href": "https://www.instagram.com/kieranquinn69",
          "value": "kieranquinn69",
          "timestamp": 1754941455
        }
      ]
    }
  ]
}