{
  "relationships_permanent_follow_requests": [
    {
      "title": "",
      "media_list_data": [
        
      ],
      "string_list_data": [
        {
          "href": "https://www.instagram.com/fedora.kong",
          "value": "fedora.kong",
          "timestamp": 1769198559
        }
      ]
    },
    {
      "title": "",
      "media_list_data": [
        
      ],
      "string_list_data": [
        {
          "href": "https://www.instagram.com/somebunniescare",
          "value": "somebunniescare",
          "timestamp": 1767132351
        }
      ]
    },
    {
      "title": "",
      "media_list_data": [
        
      ],
      "string_list_data": [
        {
          "href": "https://www.instagram.com/e1lahickman",
          "value": "e1lahickman",
          "timestamp": 1766604120
        }
      ]
    },
    {
      "title": "",
      "media_list_data": [
        
      ],
      "string_list_data": [
        {
          "href": "https://www.instagram.com/adamg02",
          "value": "adamg02",
          "timestamp": 1766531523
        }
      ]
    },
    {
      "title": "",
      "media_list_data": [
        
      ],
      "string_list_data": [
        {
          "href": "https://www.instagram.com/r_u_6_y",
          "value": "r_u_6_y",
          "timestamp": 1765131621
        }
      ]
    },
    {
      "title": "",
      "media_list_data": [
        
      ],
      "string_list_data": [
        {
          "href": "https://www.instagram.com/g_customs92",
          "value": "g_customs92",
          "timestamp": 1764219913
        }
      ]
    },
    {
      "title": "",
      "media_list_data": [
        
      ],
      "string_list_data": [
        {
          "href": "https://www.instagram.com/alex__wiese",
          "value": "alex__wiese",
          "timestamp": 1763303505
        }
      ]
    },
    {
      "title": "",
      "media_list_data": [
        
      ],
      "string_list_data": [
        {
          "href": "https://www.instagram.com/merylsamps",
          "value": "merylsamps",
          "timestamp": 1762962243
        }
      ]
    }
  ]
}