{
  "relationships_unfollowed_users": [
    {
      "title": "",
      "media_list_data": [
        
      ],
      "string_list_data": [
        {
          "href": "https://www.instagram.com/julia.neely",
          "value": "julia.neely",
          "timestamp": 1769512609
        }
      ]
    },
    {
      "title": "",
      "media_list_data": [
        
      ],
      "string_list_data": [
        {
          "href": "https://www.instagram.com/stevie.naysayer",
          "value": "stevie.naysayer",
          "timestamp": 1769031018
        }
      ]
    },
    {
      "title": "",
      "media_list_data": [
        
      ],
      "string_list_data": [
        {
          "href": "https://www.instagram.com/jess_silletti",
          "value": "jess_silletti",
          "timestamp": 1768855273
        }
      ]
    },
    {
      "title": "",
      "media_list_data": [
        
      ],
      "string_list_data": [
        {
          "href": "https://www.instagram.com/myaansarii_",
          "value": "myaansarii_",
          "timestamp": 1768404357
        }
      ]
    },
    {
      "title": "",
      "media_list_data": [
        
      ],
      "string_list_data": [
        {
          "href": "https://www.instagram.com/sophieades",
          "value": "sophieades",
          "timestamp": 1767405180
        }
      ]
    },
    {
      "title": "",
      "media_list_data": [
        
      ],
      "string_list_data": [
        {
          "href": "https://www.instagram.com/maudeapatow",
          "value": "maudeapatow",
          "timestamp": 1767062841
        }
      ]
    },
    {
      "title": "",
      "media_list_data": [
        
      ],
      "string_list_data": [
        {
          "href": "https://www.instagram.com/chloeplasse_",
          "value": "chloeplasse_",
          "timestamp": 1767061587
        }
      ]
    },
    {
      "title": "",
      "media_list_data": [
        
      ],
      "string_list_data": [
        {
          "href": "https://www.instagram.com/donna.boorstin",
          "value": "donna.boorstin",
          "timestamp": 1767061565
        }
      ]
    },
    {
      "title": "",
      "media_list_data": [
        
      ],
      "string_list_data": [
        {
          "href": "https://www.instagram.com/katseaschell",
          "value": "katseaschell",
          "timestamp": 1767061562
        }
      ]
    },
    {
      "title": "",
      "media_list_data": [
        
      ],
      "string_list_data": [
        {
          "href": "https://www.instagram.com/http.amanicasual",
          "value": "http.amanicasual",
          "timestamp": 1767061525
        }
      ]
    },
    {
      "title": "",
      "media_list_data": [
        
      ],
      "string_list_data": [
        {
          "href": "https://www.instagram.com/_amani.com_",
          "value": "_amani.com_",
          "timestamp": 1767061523
        }
      ]
    },
    {
      "title": "",
      "media_list_data": [
        
      ],
      "string_list_data": [
        {
          "href": "https://www.instagram.com/evam4rie",
          "value": "evam4rie",
          "timestamp": 1767061503
        }
      ]
    },
    {
      "title": "",
      "media_list_data": [
        
      ],
      "string_list_data": [
        {
          "href": "https://www.instagram.com/nicoledrupka",
          "value": "nicoledrupka",
          "timestamp": 1767061495
        }
      ]
    },
    {
      "title": "",
      "media_list_data": [
        
      ],
      "string_list_data": [
        {
          "href": "https://www.instagram.com/laurajellybob",
          "value": "laurajellybob",
          "timestamp": 1767061232
        }
      ]
    },
    {
      "title": "",
      "media_list_data": [
        
      ],
      "string_list_data": [
        {
          "href": "https://www.instagram.com/oliviarodeno_",
          "value": "oliviarodeno_",
          "timestamp": 1767025699
        }
      ]
    },
    {
      "title": "",
      "media_list_data": [
        
      ],
      "string_list_data": [
        {
          "href": "https://www.instagram.com/robertalacarrag",
          "value": "robertalacarrag",
          "timestamp": 1767025657
        }
      ]
    },
    {
      "title": "",
      "media_list_data": [
        
      ],
      "string_list_data": [
        {
          "href": "https://www.instagram.com/rttby",
          "value": "rttby",
          "timestamp": 1767025643
        }
      ]
    },
    {
      "title": "",
      "media_list_data": [
        
      ],
      "string_list_data": [
        {
          "href": "https://www.instagram.com/sunnysuljic",
          "value": "sunnysuljic",
          "timestamp": 1766284711
        }
      ]
    },
    {
      "title": "",
      "media_list_data": [
        
      ],
      "string_list_data": [
        {
          "href": "https://www.instagram.com/unpolished_lucy_",
          "value": "unpolished_lucy_",
          "timestamp": 1766204905
        }
      ]
    },
    {
      "title": "",
      "media_list_data": [
        
      ],
      "string_list_data": [
        {
          "href": "https://www.instagram.com/avayanezz",
          "value": "avayanezz",
          "timestamp": 1765976719
        }
      ]
    },
    {
      "title": "",
      "media_list_data": [
        
      ],
      "string_list_data": [
        {
          "href": "https://www.instagram.com/marguerite_sparacio",
          "value": "marguerite_sparacio",
          "timestamp": 1765943454
        }
      ]
    },
    {
      "title": "",
      "media_list_data": [
        
      ],
      "string_list_data": [
        {
          "href": "https://www.instagram.com/thevalueofamemory",
          "value": "thevalueofamemory",
          "timestamp": 1765943451
        }
      ]
    },
    {
      "title": "",
      "media_list_data": [
        
      ],
      "string_list_data": [
        {
          "href": "https://www.instagram.com/maddy.rraaee",
          "value": "maddy.rraaee",
          "timestamp": 1765943448
        }
      ]
    },
    {
      "title": "",
      "media_list_data": [
        
      ],
      "string_list_data": [
        {
          "href": "https://www.instagram.com/serenathom4s",
          "value": "serenathom4s",
          "timestamp": 1765943439
        }
      ]
    },
    {
      "title": "",
      "media_list_data": [
        
      ],
      "string_list_data": [
        {
          "href": "https://www.instagram.com/ally.totillo",
          "value": "ally.totillo",
          "timestamp": 1765943434
        }
      ]
    },
    {
      "title": "",
      "media_list_data": [
        
      ],
      "string_list_data": [
        {
          "href": "https://www.instagram.com/eeemmiiilliiiaaa",
          "value": "eeemmiiilliiiaaa",
          "timestamp": 1765943431
        }
      ]
    },
    {
      "title": "",
      "media_list_data": [
        
      ],
      "string_list_data": [
        {
          "href": "https://www.instagram.com/merylsamps",
          "value": "merylsamps",
          "timestamp": 1765943429
        }
      ]
    },
    {
      "title": "",
      "media_list_data": [
        
      ],
      "string_list_data": [
        {
          "href": "https://www.instagram.com/vvorndorff",
          "value": "vvorndorff",
          "timestamp": 1765943426
        }
      ]
    },
    {
      "title": "",
      "media_list_data": [
        
      ],
      "string_list_data": [
        {
          "href": "https://www.instagram.com/merci2.no",
          "value": "merci2.no",
          "timestamp": 1765943425
        }
      ]
    },
    {
      "title": "",
      "media_list_data": [
        
      ],
      "string_list_data": [
        {
          "href": "https://www.instagram.com/mmikaylakay",
          "value": "mmikaylakay",
          "timestamp": 1765943419
        }
      ]
    },
    {
      "title": "",
      "media_list_data": [
        
      ],
      "string_list_data": [
        {
          "href": "https://www.instagram.com/han__rig",
          "value": "han__rig",
          "timestamp": 1765943402
        }
      ]
    },
    {
      "title": "",
      "media_list_data": [
        
      ],
      "string_list_data": [
        {
          "href": "https://www.instagram.com/celynff",
          "value": "celynff",
          "timestamp": 1765943400
        }
      ]
    },
    {
      "title": "",
      "media_list_data": [
        
      ],
      "string_list_data": [
        {
          "href": "https://www.instagram.com/katengaire",
          "value": "katengaire",
          "timestamp": 1765911134
        }
      ]
    },
    {
      "title": "",
      "media_list_data": [
        
      ],
      "string_list_data": [
        {
          "href": "https://www.instagram.com/fin1eybanks",
          "value": "fin1eybanks",
          "timestamp": 1765911109
        }
      ]
    },
    {
      "title": "",
      "media_list_data": [
        
      ],
      "string_list_data": [
        {
          "href": "https://www.instagram.com/cccecille",
          "value": "cccecille",
          "timestamp": 1765832138
        }
      ]
    },
    {
      "title": "",
      "media_list_data": [
        
      ],
      "string_list_data": [
        {
          "href": "https://www.instagram.com/m3wtwooo",
          "value": "m3wtwooo",
          "timestamp": 1765740533
        }
      ]
    },
    {
      "title": "",
      "media_list_data": [
        
      ],
      "string_list_data": [
        {
          "href": "https://www.instagram.com/luluslittlelair",
          "value": "luluslittlelair",
          "timestamp": 1765591545
        }
      ]
    }
  ]
}