{
  "relationships_dismissed_suggested_users": [
    {
      "title": "",
      "media_list_data": [
        
      ],
      "string_list_data": [
        {
          "href": "https://www.instagram.com/julia.neely",
          "value": "julia.neely",
          "timestamp": 1769361509
        }
      ]
    },
    {
      "title": "",
      "media_list_data": [
        
      ],
      "string_list_data": [
        {
          "href": "https://www.instagram.com/jeff",
          "value": "jeff",
          "timestamp": 1757258363
        }
      ]
    },
    {
      "title": "",
      "media_list_data": [
        
      ],
      "string_list_data": [
        {
          "href": "https://www.instagram.com/sophiiebeck",
          "value": "sophiiebeck",
          "timestamp": 1752340820
        }
      ]
    },
    {
      "title": "",
      "media_list_data": [
        
      ],
      "string_list_data": [
        {
          "href": "https://www.instagram.com/livpirrone",
          "value": "livpirrone",
          "timestamp": 1752340816
        }
      ]
    },
    {
      "title": "",
      "media_list_data": [
        
      ],
      "string_list_data": [
        {
          "href": "https://www.instagram.com/miaronnnn",
          "value": "miaronnnn",
          "timestamp": 1752340814
        }
      ]
    },
    {
      "title": "",
      "media_list_data": [
        
      ],
      "string_list_data": [
        {
          "href": "https://www.instagram.com/elulaaaa",
          "value": "elulaaaa",
          "timestamp": 1752340809
        }
      ]
    },
    {
      "title": "",
      "media_list_data": [
        
      ],
      "string_list_data": [
        {
          "href": "https://www.instagram.com/stella.zwart",
          "value": "stella.zwart",
          "timestamp": 1751934677
        }
      ]
    },
    {
      "title": "",
      "media_list_data": [
        
      ],
      "string_list_data": [
        {
          "href": "https://www.instagram.com/mialapalm",
          "value": "mialapalm",
          "timestamp": 1751934662
        }
      ]
    },
    {
      "title": "",
      "media_list_data": [
        
      ],
      "string_list_data": [
        {
          "href": "https://www.instagram.com/vivianandersonnn",
          "value": "vivianandersonnn",
          "timestamp": 1751934636
        }
      ]
    },
    {
      "title": "",
      "media_list_data": [
        
      ],
      "string_list_data": [
        {
          "href": "https://www.instagram.com/ellaazunino",
          "value": "ellaazunino",
          "timestamp": 1751778600
        }
      ]
    },
    {
      "title": "",
      "media_list_data": [
        
      ],
      "string_list_data": [
        {
          "href": "https://www.instagram.com/kyliemarariggs",
          "value": "kyliemarariggs",
          "timestamp": 1751778588
        }
      ]
    },
    {
      "title": "",
      "media_list_data": [
        
      ],
      "string_list_data": [
        {
          "href": "https://www.instagram.com/kailanirossi",
          "value": "kailanirossi",
          "timestamp": 1747084965
        }
      ]
    },
    {
      "title": "",
      "media_list_data": [
        
      ],
      "string_list_data": [
        {
          "href": "https://www.instagram.com/chrrrrrrrrrrlie",
          "value": "chrrrrrrrrrrlie",
          "timestamp": 1747084964
        }
      ]
    },
    {
      "title": "",
      "media_list_data": [
        
      ],
      "string_list_data": [
        {
          "href": "https://www.instagram.com/addy.rasgon",
          "value": "addy.rasgon",
          "timestamp": 1747084963
        }
      ]
    },
    {
      "title": "",
      "media_list_data": [
        
      ],
      "string_list_data": [
        {
          "href": "https://www.instagram.com/chloeerowe",
          "value": "chloeerowe",
          "timestamp": 1747084962
        }
      ]
    }
  ]
}