[
  {
    "media_list_data": [
      {
        "uri": ""
      }
    ],
    "string_map_data": {
      "Comment": {
        "value": "I did the same thing but mines like way worse good job painting  that head"
      },
      "Media Owner": {
        "value": "customs_by_martin"
      },
      "Time": {
        "timestamp": 1766430200
      }
    }
  },
  {
    "media_list_data": [
      {
        "uri": ""
      }
    ],
    "string_map_data": {
      "Comment": {
        "value": "Beautiful \u00f0\u009f\u0094\u00a5\u00f0\u009f\u0094\u00a5\u00f0\u009f\u0094\u00a5\u00f0\u009f\u0094\u00a5\u00e2\u009d\u00a4\u00ef\u00b8\u008f"
      },
      "Media Owner": {
        "value": "thumperfilm"
      },
      "Time": {
        "timestamp": 1765290254
      }
    }
  },
  {
    "media_list_data": [
      {
        "uri": ""
      }
    ],
    "string_map_data": {
      "Comment": {
        "value": "Someone needs to make him a cloth jacket or robe"
      },
      "Media Owner": {
        "value": "medicom_toy"
      },
      "Time": {
        "timestamp": 1763961221
      }
    }
  },
  {
    "media_list_data": [
      {
        "uri": ""
      }
    ],
    "string_map_data": {
      "Comment": {
        "value": "\u00f0\u009f\u009b\u008c\n\u00f0\u009f\u009b\u008f\u00ef\u00b8\u008f"
      },
      "Media Owner": {
        "value": "somebunniescare"
      },
      "Time": {
        "timestamp": 1763400659
      }
    }
  },
  {
    "media_list_data": [
      {
        "uri": ""
      }
    ],
    "string_map_data": {
      "Comment": {
        "value": "Beautiful"
      },
      "Media Owner": {
        "value": "jetryden"
      },
      "Time": {
        "timestamp": 1761671097
      }
    }
  },
  {
    "media_list_data": [
      {
        "uri": ""
      }
    ],
    "string_map_data": {
      "Comment": {
        "value": "\u00f0\u009f\u0091\u008f\u00f0\u009f\u0091\u008f\u00f0\u009f\u0091\u008f"
      },
      "Media Owner": {
        "value": "kichi0"
      },
      "Time": {
        "timestamp": 1760639959
      }
    }
  },
  {
    "media_list_data": [
      {
        "uri": ""
      }
    ],
    "string_map_data": {
      "Comment": {
        "value": "He's already doing to much"
      },
      "Media Owner": {
        "value": "fazeclan"
      },
      "Time": {
        "timestamp": 1759480154
      }
    }
  },
  {
    "media_list_data": [
      {
        "uri": ""
      }
    ],
    "string_map_data": {
      "Comment": {
        "value": "\u00f0\u009f\u0094\u00a5\u00f0\u009f\u0094\u00a5\u00f0\u009f\u0094\u00a5\u00f0\u009f\u0094\u00a5"
      },
      "Media Owner": {
        "value": "karsynfaheyy"
      },
      "Time": {
        "timestamp": 1758577009
      }
    }
  },
  {
    "media_list_data": [
      {
        "uri": ""
      }
    ],
    "string_map_data": {
      "Comment": {
        "value": "Some draw nova for me"
      },
      "Media Owner": {
        "value": "scnova_"
      },
      "Time": {
        "timestamp": 1757012620
      }
    }
  },
  {
    "media_list_data": [
      {
        "uri": ""
      }
    ],
    "string_map_data": {
      "Comment": {
        "value": "This has to with"
      },
      "Media Owner": {
        "value": "instamashii"
      },
      "Time": {
        "timestamp": 1755672941
      }
    }
  },
  {
    "media_list_data": [
      {
        "uri": ""
      }
    ],
    "string_map_data": {
      "Comment": {
        "value": "What cute girls"
      },
      "Media Owner": {
        "value": "somebunniescare"
      },
      "Time": {
        "timestamp": 1754930482
      }
    }
  },
  {
    "media_list_data": [
      {
        "uri": ""
      }
    ],
    "string_map_data": {
      "Comment": {
        "value": "Wow what a crazy French braid \u00f0\u009f\u0094\u00a5"
      },
      "Media Owner": {
        "value": "somebunniescare"
      },
      "Time": {
        "timestamp": 1752268808
      }
    }
  },
  {
    "media_list_data": [
      {
        "uri": ""
      }
    ],
    "string_map_data": {
      "Comment": {
        "value": "Do nova in this theme"
      },
      "Media Owner": {
        "value": "scnova_"
      },
      "Time": {
        "timestamp": 1751523271
      }
    }
  },
  {
    "media_list_data": [
      {
        "uri": ""
      }
    ],
    "string_map_data": {
      "Comment": {
        "value": "Fucking heat"
      },
      "Media Owner": {
        "value": "justintavaf"
      },
      "Time": {
        "timestamp": 1749691146
      }
    }
  },
  {
    "media_list_data": [
      {
        "uri": ""
      }
    ],
    "string_map_data": {
      "Comment": {
        "value": "I'm an uncle omg \u00f0\u009f\u0098\u00b1"
      },
      "Media Owner": {
        "value": "annietavaf"
      },
      "Time": {
        "timestamp": 1747957838
      }
    }
  },
  {
    "media_list_data": [
      {
        "uri": ""
      }
    ],
    "string_map_data": {
      "Comment": {
        "value": "That's my car"
      },
      "Media Owner": {
        "value": "noahmonjazeb"
      },
      "Time": {
        "timestamp": 1746813582
      }
    }
  },
  {
    "media_list_data": [
      {
        "uri": ""
      }
    ],
    "string_map_data": {
      "Comment": {
        "value": "Do Nova please as a duelist"
      },
      "Media Owner": {
        "value": "jackson_caspersz"
      },
      "Time": {
        "timestamp": 1740531318
      }
    }
  },
  {
    "media_list_data": [
      {
        "uri": ""
      }
    ],
    "string_map_data": {
      "Comment": {
        "value": "Looks amazing"
      },
      "Media Owner": {
        "value": "____alexbrown"
      },
      "Time": {
        "timestamp": 1739134866
      }
    }
  }
]