{
  "comments_reels_comments": [
    {
      "string_map_data": {
        "Comment": {
          "value": "One piece "
        },
        "Media Owner": {
          "value": "minimalmaru"
        },
        "Time": {
          "timestamp": 1758902149
        }
      }
    },
    {
      "string_map_data": {
        "Comment": {
          "value": "What's the first thing u wanted to eat after leaving/something u were really craving  "
        },
        "Media Owner": {
          "value": "cierra.ortega"
        },
        "Time": {
          "timestamp": 1752721922
        }
      }
    },
    {
      "string_map_data": {
        "Comment": {
          "value": "What were ur first thoughts after leaving the villa "
        },
        "Media Owner": {
          "value": "cierra.ortega"
        },
        "Time": {
          "timestamp": 1752721880
        }
      }
    }
  ]
}