{
  "text_post_app_text_post_app_follow_requests_received": [
    {
      "title": "",
      "media_list_data": [
        
      ],
      "string_list_data": [
        {
          "href": "https://www.threads.com/naurc.am",
          "value": "naurc.am",
          "timestamp": 1749959452
        }
      ]
    },
    {
      "title": "",
      "media_list_data": [
        
      ],
      "string_list_data": [
        {
          "href": "https://www.threads.com/sophiptt",
          "value": "sophiptt",
          "timestamp": 1742786526
        }
      ]
    }
  ]
}