{
  "text_post_app_text_post_app_profile": [
    {
      "title": "",
      "media_map_data": {
        
      },
      "string_map_data": {
        "Email": {
          "href": "",
          "value": "",
          "timestamp": 0
        },
        "Phone Number": {
          "href": "",
          "value": "",
          "timestamp": 0
        },
        "Phone Confirmed": {
          "href": "",
          "value": "",
          "timestamp": 0
        },
        "Phone Confirmation Method": {
          "href": "",
          "value": "",
          "timestamp": 0
        },
        "Username": {
          "href": "",
          "value": "",
          "timestamp": 0
        },
        "Name": {
          "href": "",
          "value": "",
          "timestamp": 0
        },
        "Bio": {
          "href": "",
          "value": "",
          "timestamp": 0
        },
        "Birthday": {
          "href": "",
          "value": "",
          "timestamp": 0
        },
        "Private Account": {
          "href": "",
          "value": "True",
          "timestamp": 0
        },
        "Onboarding Time": {
          "href": "",
          "value": "",
          "timestamp": 1721362351
        },
        "Is Eligible for Profile Activation Badge": {
          "href": "",
          "value": "False",
          "timestamp": 0
        },
        "Profile Shows Activation Badge": {
          "href": "",
          "value": "False",
          "timestamp": 0
        }
      }
    }
  ]
}