{
  "text_post_app_text_post_app_posts_seen": [
    {
      "string_map_data": {
        "Author": {
          "value": "onepieceuniversity"
        },
        "Time": {
          "timestamp": 1770059122
        },
        "URL": {
          "href": "https://www.instagram.com/p/DUNau3pAc0b/"
        }
      }
    },
    {
      "string_map_data": {
        "Author": {
          "value": "memezar"
        },
        "Time": {
          "timestamp": 1770064983
        },
        "URL": {
          "href": "https://www.instagram.com/p/DUJENE7jBBF/"
        }
      }
    },
    {
      "string_map_data": {
        "Author": {
          "value": "pubity"
        },
        "Time": {
          "timestamp": 1770078010
        },
        "URL": {
          "href": "https://www.instagram.com/p/DUQarkTD-2D/"
        }
      }
    },
    {
      "string_map_data": {
        "Author": {
          "value": "premiumbandai_usa"
        },
        "Time": {
          "timestamp": 1770127561
        },
        "URL": {
          "href": "https://www.instagram.com/p/DURwI8ZjKZC/"
        }
      }
    },
    {
      "string_map_data": {
        "Author": {
          "value": "memezar"
        },
        "Time": {
          "timestamp": 1770130432
        },
        "URL": {
          "href": "https://www.instagram.com/p/DUH77AgDXkc/"
        }
      }
    },
    {
      "string_map_data": {
        "Author": {
          "value": "memezar"
        },
        "Time": {
          "timestamp": 1770132111
        },
        "URL": {
          "href": "https://www.instagram.com/p/DUS0JmFDHqG/"
        }
      }
    },
    {
      "string_map_data": {
        "Author": {
          "value": "lewishamilton"
        },
        "Time": {
          "timestamp": 1770134932
        },
        "URL": {
          "href": "https://www.instagram.com/p/DUTLt5TDLKd/"
        }
      }
    },
    {
      "string_map_data": {
        "Author": {
          "value": "memezar"
        },
        "Time": {
          "timestamp": 1770149725
        },
        "URL": {
          "href": "https://www.instagram.com/p/DUQN7mTDKM8/"
        }
      }
    },
    {
      "string_map_data": {
        "Author": {
          "value": "gasparantl"
        },
        "Time": {
          "timestamp": 1770160430
        },
        "URL": {
          "href": "https://www.instagram.com/p/DUTrMnLEjtp/"
        }
      }
    },
    {
      "string_map_data": {
        "Author": {
          "value": "gasparantl"
        },
        "Time": {
          "timestamp": 1770171385
        },
        "URL": {
          "href": "https://www.instagram.com/p/DUTrMnLEjtp/"
        }
      }
    },
    {
      "string_map_data": {
        "Author": {
          "value": "dankquillius"
        },
        "Time": {
          "timestamp": 1770212989
        },
        "URL": {
          "href": "https://www.instagram.com/p/DUUR2cxD4jI/"
        }
      }
    },
    {
      "string_map_data": {
        "Author": {
          "value": "emhyrule"
        },
        "Time": {
          "timestamp": 1770217680
        },
        "URL": {
          "href": "https://www.instagram.com/p/DUTxoh0jBqF/"
        }
      }
    },
    {
      "string_map_data": {
        "Author": {
          "value": "memezar"
        },
        "Time": {
          "timestamp": 1770237231
        },
        "URL": {
          "href": "https://www.instagram.com/p/DUT0x70DIVa/"
        }
      }
    },
    {
      "string_map_data": {
        "Author": {
          "value": "themcutimes"
        },
        "Time": {
          "timestamp": 1770237281
        },
        "URL": {
          "href": "https://www.instagram.com/p/DUVdWg2F3Oa/"
        }
      }
    },
    {
      "string_map_data": {
        "Author": {
          "value": "nsfreepress"
        },
        "Time": {
          "timestamp": 1770237974
        },
        "URL": {
          "href": "https://www.instagram.com/p/DUWCqW9CY5B/"
        }
      }
    },
    {
      "string_map_data": {
        "Author": {
          "value": "julialeviadin"
        },
        "Time": {
          "timestamp": 1770254935
        },
        "URL": {
          "href": "https://www.instagram.com/p/DUWp1V3DPo7IQGLPAEqLuBPfckx8ZT1IRfHu1M0/"
        }
      }
    },
    {
      "string_map_data": {
        "Author": {
          "value": "hoodpenguin"
        },
        "Time": {
          "timestamp": 1770258026
        },
        "URL": {
          "href": "https://www.instagram.com/p/DUWwBrfCQdI/"
        }
      }
    },
    {
      "string_map_data": {
        "Author": {
          "value": "f1archived"
        },
        "Time": {
          "timestamp": 1770259704
        },
        "URL": {
          "href": "https://www.instagram.com/p/DUXBFKLlEcN/"
        }
      }
    },
    {
      "string_map_data": {
        "Author": {
          "value": "pubity"
        },
        "Time": {
          "timestamp": 1770259718
        },
        "URL": {
          "href": "https://www.instagram.com/p/DUWa2jdjRia/"
        }
      }
    },
    {
      "string_map_data": {
        "Author": {
          "value": "luffydailyphotos"
        },
        "Time": {
          "timestamp": 1770259720
        },
        "URL": {
          "href": "https://www.instagram.com/p/DUKxuMSjPTz/"
        }
      }
    },
    {
      "string_map_data": {
        "Author": {
          "value": "g_customs92"
        },
        "Time": {
          "timestamp": 1770309205
        },
        "URL": {
          "href": "https://www.instagram.com/p/DUXviaBlO0aEFIQbY15rrEmnk3kfSfRnlKSazg0/"
        }
      }
    },
    {
      "string_map_data": {
        "Author": {
          "value": "suraj_moretti"
        },
        "Time": {
          "timestamp": 1770309246
        },
        "URL": {
          "href": "https://www.instagram.com/p/DUP0P4TD3Kw/"
        }
      }
    },
    {
      "string_map_data": {
        "Author": {
          "value": "hoodpenguin"
        },
        "Time": {
          "timestamp": 1770309246
        },
        "URL": {
          "href": "https://www.instagram.com/p/DUV9E3lCSdJ/"
        }
      }
    },
    {
      "string_map_data": {
        "Author": {
          "value": "noah.luu_"
        },
        "Time": {
          "timestamp": 1770313817
        },
        "URL": {
          "href": "https://www.instagram.com/p/DUH6sAUjbmt/"
        }
      }
    },
    {
      "string_map_data": {
        "Author": {
          "value": "quillen_domingue"
        },
        "Time": {
          "timestamp": 1770329592
        },
        "URL": {
          "href": "https://www.instagram.com/p/DUZCN8ommwwcYUjkR3ujNMLFxlpAMpiKh_gTA00/"
        }
      }
    },
    {
      "string_map_data": {
        "Author": {
          "value": "themcutimes"
        },
        "Time": {
          "timestamp": 1770329615
        },
        "URL": {
          "href": "https://www.instagram.com/p/DUYFRBRl-Ix/"
        }
      }
    },
    {
      "string_map_data": {
        "Author": {
          "value": "classiccarvoyage"
        },
        "Time": {
          "timestamp": 1770329618
        },
        "URL": {
          "href": "https://www.instagram.com/p/DUGk-QOkiwS/"
        }
      }
    },
    {
      "string_map_data": {
        "Author": {
          "value": "tns_newyork"
        },
        "Time": {
          "timestamp": 1770335500
        },
        "URL": {
          "href": "https://www.instagram.com/p/DUZJg_tFeJE/"
        }
      }
    },
    {
      "string_map_data": {
        "Author": {
          "value": "jack.balaban"
        },
        "Time": {
          "timestamp": 1769741650
        },
        "URL": {
          "href": "https://www.instagram.com/p/DUZCtGckl93/"
        }
      }
    },
    {
      "string_map_data": {
        "Author": {
          "value": "memezar"
        },
        "Time": {
          "timestamp": 1769800259
        },
        "URL": {
          "href": "https://www.instagram.com/p/DUa_6bJDH8J/"
        }
      }
    },
    {
      "string_map_data": {
        "Author": {
          "value": "emhyrule"
        },
        "Time": {
          "timestamp": 1770348118
        },
        "URL": {
          "href": "https://www.instagram.com/p/DUY6O3TDN7N/"
        }
      }
    },
    {
      "string_map_data": {
        "Author": {
          "value": "classiccarvoyage"
        },
        "Time": {
          "timestamp": 1770348127
        },
        "URL": {
          "href": "https://www.instagram.com/p/DUA31QaEl7z/"
        }
      }
    },
    {
      "string_map_data": {
        "Author": {
          "value": "onepiecehubb_"
        },
        "Time": {
          "timestamp": 1770348145
        },
        "URL": {
          "href": "https://www.instagram.com/p/DT4KiFRjiVD/"
        }
      }
    },
    {
      "string_map_data": {
        "Author": {
          "value": "quenblackwell"
        },
        "Time": {
          "timestamp": 1770348173
        },
        "URL": {
          "href": "https://www.instagram.com/p/DUZVYZ1kk1T/"
        }
      }
    },
    {
      "string_map_data": {
        "Author": {
          "value": "rayylodge"
        },
        "Time": {
          "timestamp": 1770352162
        },
        "URL": {
          "href": "https://www.instagram.com/p/DUZw-RkEfQ_GU6QmyBI8Jlq-0an3ZFQX-nYHUg0/"
        }
      }
    },
    {
      "string_map_data": {
        "Author": {
          "value": "pubity"
        },
        "Time": {
          "timestamp": 1770385427
        },
        "URL": {
          "href": "https://www.instagram.com/p/DUaY5SZkSnf/"
        }
      }
    },
    {
      "string_map_data": {
        "Author": {
          "value": "memezar"
        },
        "Time": {
          "timestamp": 1770402872
        },
        "URL": {
          "href": "https://www.instagram.com/p/DUWB8OrDA10/"
        }
      }
    },
    {
      "string_map_data": {
        "Author": {
          "value": "petrolgears"
        },
        "Time": {
          "timestamp": 1770402897
        },
        "URL": {
          "href": "https://www.instagram.com/p/DTwEKAmE311/"
        }
      }
    },
    {
      "string_map_data": {
        "Author": {
          "value": "pubity"
        },
        "Time": {
          "timestamp": 1770402898
        },
        "URL": {
          "href": "https://www.instagram.com/p/DUSV8_2DQ9m/"
        }
      }
    },
    {
      "string_map_data": {
        "Author": {
          "value": "lilkvsh"
        },
        "Time": {
          "timestamp": 1770403004
        },
        "URL": {
          "href": "https://www.instagram.com/p/DUV6tnRDQix/"
        }
      }
    },
    {
      "string_map_data": {
        "Author": {
          "value": "moderatelyfaded"
        },
        "Time": {
          "timestamp": 1770403020
        },
        "URL": {
          "href": "https://www.instagram.com/p/DUGcGq5kXlT/"
        }
      }
    },
    {
      "string_map_data": {
        "Author": {
          "value": "fortnite"
        },
        "Time": {
          "timestamp": 1770403022
        },
        "URL": {
          "href": "https://www.instagram.com/p/DUbTOSRCkiz/"
        }
      }
    },
    {
      "string_map_data": {
        "Author": {
          "value": "entertainmenttonight"
        },
        "Time": {
          "timestamp": 1770403055
        },
        "URL": {
          "href": "https://www.instagram.com/p/DUWDwwhDHoO/"
        }
      }
    },
    {
      "string_map_data": {
        "Author": {
          "value": "afterscrolls"
        },
        "Time": {
          "timestamp": 1770405068
        },
        "URL": {
          "href": "https://www.instagram.com/p/DT0DVh0EgWU/"
        }
      }
    },
    {
      "string_map_data": {
        "Author": {
          "value": "lucaishere_hi"
        },
        "Time": {
          "timestamp": 1770407618
        },
        "URL": {
          "href": "https://www.instagram.com/p/DUbZo-VFCo6/"
        }
      }
    },
    {
      "string_map_data": {
        "Author": {
          "value": "comedyslam"
        },
        "Time": {
          "timestamp": 1770407653
        },
        "URL": {
          "href": "https://www.instagram.com/p/DT85HRlE1sf/"
        }
      }
    },
    {
      "string_map_data": {
        "Author": {
          "value": "pournagraphy"
        },
        "Time": {
          "timestamp": 1770407674
        },
        "URL": {
          "href": "https://www.instagram.com/p/DUZAGQ9k0Ul/"
        }
      }
    },
    {
      "string_map_data": {
        "Author": {
          "value": "aizen.ssz"
        },
        "Time": {
          "timestamp": 1770407743
        },
        "URL": {
          "href": "https://www.instagram.com/p/DT-a4kyjbjj/"
        }
      }
    },
    {
      "string_map_data": {
        "Author": {
          "value": "stzy.us"
        },
        "Time": {
          "timestamp": 1770407743
        },
        "URL": {
          "href": "https://www.instagram.com/p/DUL7yMDgcCp/"
        }
      }
    },
    {
      "string_map_data": {
        "Author": {
          "value": "hoodpenguin"
        },
        "Time": {
          "timestamp": 1770407755
        },
        "URL": {
          "href": "https://www.instagram.com/p/DUTWNGPCSIj/"
        }
      }
    },
    {
      "string_map_data": {
        "Author": {
          "value": "xyuee.cars"
        },
        "Time": {
          "timestamp": 1770407772
        },
        "URL": {
          "href": "https://www.instagram.com/p/DTu9OCgEvDu/"
        }
      }
    },
    {
      "string_map_data": {
        "Author": {
          "value": "memezar"
        },
        "Time": {
          "timestamp": 1770411341
        },
        "URL": {
          "href": "https://www.instagram.com/p/DUYeco2jI98/"
        }
      }
    },
    {
      "string_map_data": {
        "Author": {
          "value": "aways"
        },
        "Time": {
          "timestamp": 1770418221
        },
        "URL": {
          "href": "https://www.instagram.com/p/DTx6RL1DXZO/"
        }
      }
    },
    {
      "string_map_data": {
        "Author": {
          "value": "lou_litaee"
        },
        "Time": {
          "timestamp": 1770418275
        },
        "URL": {
          "href": "https://www.instagram.com/p/DTqPMHQiJTb/"
        }
      }
    },
    {
      "string_map_data": {
        "Author": {
          "value": "albert_lu_image"
        },
        "Time": {
          "timestamp": 1770418336
        },
        "URL": {
          "href": "https://www.instagram.com/p/DUOAj7okeO6/"
        }
      }
    },
    {
      "string_map_data": {
        "Author": {
          "value": "cool.car.design"
        },
        "Time": {
          "timestamp": 1770418378
        },
        "URL": {
          "href": "https://www.instagram.com/p/DTqzYY1jGSr/"
        }
      }
    },
    {
      "string_map_data": {
        "Author": {
          "value": "emedeamores"
        },
        "Time": {
          "timestamp": 1770418385
        },
        "URL": {
          "href": "https://www.instagram.com/p/DT3XwrXDVf0/"
        }
      }
    },
    {
      "string_map_data": {
        "Author": {
          "value": "memezar"
        },
        "Time": {
          "timestamp": 1770418408
        },
        "URL": {
          "href": "https://www.instagram.com/p/DUbWYjeDajM/"
        }
      }
    },
    {
      "string_map_data": {
        "Author": {
          "value": "d__amazing"
        },
        "Time": {
          "timestamp": 1770418484
        },
        "URL": {
          "href": "https://www.instagram.com/p/DUZikpvkvzv/"
        }
      }
    },
    {
      "string_map_data": {
        "Author": {
          "value": "memes.69_._"
        },
        "Time": {
          "timestamp": 1770418698
        },
        "URL": {
          "href": "https://www.instagram.com/p/DT8xrbkk-3a/"
        }
      }
    },
    {
      "string_map_data": {
        "Author": {
          "value": "memezar"
        },
        "Time": {
          "timestamp": 1770418698
        },
        "URL": {
          "href": "https://www.instagram.com/p/DUbQR4ljYSs/"
        }
      }
    },
    {
      "string_map_data": {
        "Author": {
          "value": "straight_f56"
        },
        "Time": {
          "timestamp": 1770418804
        },
        "URL": {
          "href": "https://www.instagram.com/p/DTyBcTPDRUH/"
        }
      }
    },
    {
      "string_map_data": {
        "Author": {
          "value": "memezar"
        },
        "Time": {
          "timestamp": 1770418809
        },
        "URL": {
          "href": "https://www.instagram.com/p/DUbwi4kkyOR/"
        }
      }
    },
    {
      "string_map_data": {
        "Author": {
          "value": "austin_shepard3"
        },
        "Time": {
          "timestamp": 1770418879
        },
        "URL": {
          "href": "https://www.instagram.com/p/DUbN_FUiRwa/"
        }
      }
    },
    {
      "string_map_data": {
        "Author": {
          "value": "golden_retriever_express"
        },
        "Time": {
          "timestamp": 1770419172
        },
        "URL": {
          "href": "https://www.instagram.com/p/DTnidMdkmOS/"
        }
      }
    },
    {
      "string_map_data": {
        "Author": {
          "value": "memezar"
        },
        "Time": {
          "timestamp": 1769891086
        },
        "URL": {
          "href": "https://www.instagram.com/p/DUd088IjDmR/"
        }
      }
    },
    {
      "string_map_data": {
        "Author": {
          "value": "hhaylah"
        },
        "Time": {
          "timestamp": 1770432156
        },
        "URL": {
          "href": "https://www.instagram.com/p/DUUV49jEYQP/"
        }
      }
    },
    {
      "string_map_data": {
        "Author": {
          "value": "emhyrule"
        },
        "Time": {
          "timestamp": 1770432168
        },
        "URL": {
          "href": "https://www.instagram.com/p/DUafnu0DMbw/"
        }
      }
    },
    {
      "string_map_data": {
        "Author": {
          "value": "tns_newyork"
        },
        "Time": {
          "timestamp": 1770476860
        },
        "URL": {
          "href": "https://www.instagram.com/p/DUbzUzblfZe/"
        }
      }
    },
    {
      "string_map_data": {
        "Author": {
          "value": "onepieceuniversity"
        },
        "Time": {
          "timestamp": 1770476864
        },
        "URL": {
          "href": "https://www.instagram.com/p/DUckEM0AXU5/"
        }
      }
    },
    {
      "string_map_data": {
        "Author": {
          "value": "llillianmarie2"
        },
        "Time": {
          "timestamp": 1770476921
        },
        "URL": {
          "href": "https://www.instagram.com/p/DUcMEUKkWgQ/"
        }
      }
    },
    {
      "string_map_data": {
        "Author": {
          "value": "themcutimes"
        },
        "Time": {
          "timestamp": 1770476990
        },
        "URL": {
          "href": "https://www.instagram.com/p/DUdfSA8F_S1/"
        }
      }
    },
    {
      "string_map_data": {
        "Author": {
          "value": "pubity"
        },
        "Time": {
          "timestamp": 1770488908
        },
        "URL": {
          "href": "https://www.instagram.com/p/DUcHwv4Daqu/"
        }
      }
    },
    {
      "string_map_data": {
        "Author": {
          "value": "instamashii"
        },
        "Time": {
          "timestamp": 1770495709
        },
        "URL": {
          "href": "https://www.instagram.com/p/DUb_3EOj4rc/"
        }
      }
    },
    {
      "string_map_data": {
        "Author": {
          "value": "filasteeni"
        },
        "Time": {
          "timestamp": 1770495818
        },
        "URL": {
          "href": "https://www.instagram.com/p/DUdPTyrjH-Q/"
        }
      }
    },
    {
      "string_map_data": {
        "Author": {
          "value": "cordelia_with_a_curiosity"
        },
        "Time": {
          "timestamp": 1770518181
        },
        "URL": {
          "href": "https://www.instagram.com/p/DUesgmNDoJPtyzrnKiZXURp80OXX3FjrFbDrEA0/"
        }
      }
    },
    {
      "string_map_data": {
        "Author": {
          "value": "emhyrule"
        },
        "Time": {
          "timestamp": 1770518615
        },
        "URL": {
          "href": "https://www.instagram.com/p/DUafnu0DMbw/"
        }
      }
    },
    {
      "string_map_data": {
        "Author": {
          "value": "kuma.cookie_"
        },
        "Time": {
          "timestamp": 1770523468
        },
        "URL": {
          "href": "https://www.instagram.com/p/DUaq4ltE1YY/"
        }
      }
    },
    {
      "string_map_data": {
        "Author": {
          "value": "emhyrule"
        },
        "Time": {
          "timestamp": 1770576479
        },
        "URL": {
          "href": "https://www.instagram.com/p/DUfusTtjEJU/"
        }
      }
    },
    {
      "string_map_data": {
        "Author": {
          "value": "nsfreepress"
        },
        "Time": {
          "timestamp": 1770576493
        },
        "URL": {
          "href": "https://www.instagram.com/p/DUgH-YdDXHp/"
        }
      }
    },
    {
      "string_map_data": {
        "Author": {
          "value": "jamesgunn"
        },
        "Time": {
          "timestamp": 1770576510
        },
        "URL": {
          "href": "https://www.instagram.com/p/DUdjNqDgJFM/"
        }
      }
    },
    {
      "string_map_data": {
        "Author": {
          "value": "themcutimes"
        },
        "Time": {
          "timestamp": 1770605012
        },
        "URL": {
          "href": "https://www.instagram.com/p/DUgWxXxFwDK/"
        }
      }
    },
    {
      "string_map_data": {
        "Author": {
          "value": "ferrari"
        },
        "Time": {
          "timestamp": 1770652648
        },
        "URL": {
          "href": "https://www.instagram.com/p/DUidkaUDiv7/"
        }
      }
    },
    {
      "string_map_data": {
        "Author": {
          "value": "memezar"
        },
        "Time": {
          "timestamp": 1770652658
        },
        "URL": {
          "href": "https://www.instagram.com/p/DUhpFFxjaGB/"
        }
      }
    },
    {
      "string_map_data": {
        "Author": {
          "value": "lilkvsh"
        },
        "Time": {
          "timestamp": 1770652815
        },
        "URL": {
          "href": "https://www.instagram.com/p/DUg3D4SDa7r/"
        }
      }
    },
    {
      "string_map_data": {
        "Author": {
          "value": "tns_tokyo"
        },
        "Time": {
          "timestamp": 1770652828
        },
        "URL": {
          "href": "https://www.instagram.com/p/DUW4DPCmHXX/"
        }
      }
    },
    {
      "string_map_data": {
        "Author": {
          "value": "memezar"
        },
        "Time": {
          "timestamp": 1770652872
        },
        "URL": {
          "href": "https://www.instagram.com/p/DUgP3NJEcmv/"
        }
      }
    },
    {
      "string_map_data": {
        "Author": {
          "value": "eveoart"
        },
        "Time": {
          "timestamp": 1770652891
        },
        "URL": {
          "href": "https://www.instagram.com/p/DT5jhPUjYM9/"
        }
      }
    },
    {
      "string_map_data": {
        "Author": {
          "value": "gooseandhisadventures"
        },
        "Time": {
          "timestamp": 1770652972
        },
        "URL": {
          "href": "https://www.instagram.com/p/DTwppC3DJPt/"
        }
      }
    },
    {
      "string_map_data": {
        "Author": {
          "value": "cloutsubway"
        },
        "Time": {
          "timestamp": 1770658948
        },
        "URL": {
          "href": "https://www.instagram.com/p/DUd_rmVD8JP/"
        }
      }
    },
    {
      "string_map_data": {
        "Author": {
          "value": "mrbeast"
        },
        "Time": {
          "timestamp": 1770659023
        },
        "URL": {
          "href": "https://www.instagram.com/p/DUhUPEUkWE2/"
        }
      }
    },
    {
      "string_map_data": {
        "Author": {
          "value": "espnf1"
        },
        "Time": {
          "timestamp": 1770659135
        },
        "URL": {
          "href": "https://www.instagram.com/p/DUhQ9GkjnsI/"
        }
      }
    },
    {
      "string_map_data": {
        "Author": {
          "value": "carsonsahualla"
        },
        "Time": {
          "timestamp": 1770659154
        },
        "URL": {
          "href": "https://www.instagram.com/p/DUiwcSbDIVxZ4k0dludEATtNhH9PuoIN0Ho2CM0/"
        }
      }
    },
    {
      "string_map_data": {
        "Author": {
          "value": "comedyslam"
        },
        "Time": {
          "timestamp": 1770659928
        },
        "URL": {
          "href": "https://www.instagram.com/p/DUhMH3FE2RU/"
        }
      }
    },
    {
      "string_map_data": {
        "Author": {
          "value": "onepieceuniversity"
        },
        "Time": {
          "timestamp": 1770060598
        },
        "URL": {
          "href": "https://www.instagram.com/p/DUNau3pAc0b/"
        }
      }
    },
    {
      "string_map_data": {
        "Author": {
          "value": "pubity"
        },
        "Time": {
          "timestamp": 1770063209
        },
        "URL": {
          "href": "https://www.instagram.com/p/DUOllu5EnBQ/"
        }
      }
    },
    {
      "string_map_data": {
        "Author": {
          "value": "tapas_app"
        },
        "Time": {
          "timestamp": 1770064982
        },
        "URL": {
          "href": "https://www.instagram.com/p/DURKYPOFvbI/"
        }
      }
    },
    {
      "string_map_data": {
        "Author": {
          "value": "memezar"
        },
        "Time": {
          "timestamp": 1770073950
        },
        "URL": {
          "href": "https://www.instagram.com/p/DUJENE7jBBF/"
        }
      }
    },
    {
      "string_map_data": {
        "Author": {
          "value": "memezar"
        },
        "Time": {
          "timestamp": 1770077787
        },
        "URL": {
          "href": "https://www.instagram.com/p/DUJENE7jBBF/"
        }
      }
    },
    {
      "string_map_data": {
        "Author": {
          "value": "pubity"
        },
        "Time": {
          "timestamp": 1770078012
        },
        "URL": {
          "href": "https://www.instagram.com/p/DUQarkTD-2D/"
        }
      }
    },
    {
      "string_map_data": {
        "Author": {
          "value": "premiumbandai_usa"
        },
        "Time": {
          "timestamp": 1770130042
        },
        "URL": {
          "href": "https://www.instagram.com/p/DURwI8ZjKZC/"
        }
      }
    },
    {
      "string_map_data": {
        "Author": {
          "value": "memezar"
        },
        "Time": {
          "timestamp": 1770130577
        },
        "URL": {
          "href": "https://www.instagram.com/p/DUH77AgDXkc/"
        }
      }
    },
    {
      "string_map_data": {
        "Author": {
          "value": "memezar"
        },
        "Time": {
          "timestamp": 1770132360
        },
        "URL": {
          "href": "https://www.instagram.com/p/DUS0JmFDHqG/"
        }
      }
    },
    {
      "string_map_data": {
        "Author": {
          "value": "lewishamilton"
        },
        "Time": {
          "timestamp": 1770140922
        },
        "URL": {
          "href": "https://www.instagram.com/p/DUTLt5TDLKd/"
        }
      }
    },
    {
      "string_map_data": {
        "Author": {
          "value": "memezar"
        },
        "Time": {
          "timestamp": 1770151848
        },
        "URL": {
          "href": "https://www.instagram.com/p/DUQN7mTDKM8/"
        }
      }
    },
    {
      "string_map_data": {
        "Author": {
          "value": "gasparantl"
        },
        "Time": {
          "timestamp": 1770160938
        },
        "URL": {
          "href": "https://www.instagram.com/p/DUTrMnLEjtp/"
        }
      }
    },
    {
      "string_map_data": {
        "Author": {
          "value": "gasparantl"
        },
        "Time": {
          "timestamp": 1770172125
        },
        "URL": {
          "href": "https://www.instagram.com/p/DUTrMnLEjtp/"
        }
      }
    },
    {
      "string_map_data": {
        "Author": {
          "value": "dankquillius"
        },
        "Time": {
          "timestamp": 1770217616
        },
        "URL": {
          "href": "https://www.instagram.com/p/DUUR2cxD4jI/"
        }
      }
    },
    {
      "string_map_data": {
        "Author": {
          "value": "emhyrule"
        },
        "Time": {
          "timestamp": 1770224687
        },
        "URL": {
          "href": "https://www.instagram.com/p/DUTxoh0jBqF/"
        }
      }
    },
    {
      "string_map_data": {
        "Author": {
          "value": "memezar"
        },
        "Time": {
          "timestamp": 1770237238
        },
        "URL": {
          "href": "https://www.instagram.com/p/DUT0x70DIVa/"
        }
      }
    },
    {
      "string_map_data": {
        "Author": {
          "value": "turboevrythng"
        },
        "Time": {
          "timestamp": 1770237280
        },
        "URL": {
          "href": "https://www.instagram.com/p/DUJKsi_gGUS/"
        }
      }
    },
    {
      "string_map_data": {
        "Author": {
          "value": "pubity"
        },
        "Time": {
          "timestamp": 1770237280
        },
        "URL": {
          "href": "https://www.instagram.com/p/DUOllu5EnBQ/"
        }
      }
    },
    {
      "string_map_data": {
        "Author": {
          "value": "themcutimes"
        },
        "Time": {
          "timestamp": 1770237972
        },
        "URL": {
          "href": "https://www.instagram.com/p/DUVdWg2F3Oa/"
        }
      }
    },
    {
      "string_map_data": {
        "Author": {
          "value": "nsfreepress"
        },
        "Time": {
          "timestamp": 1770238570
        },
        "URL": {
          "href": "https://www.instagram.com/p/DUWCqW9CY5B/"
        }
      }
    },
    {
      "string_map_data": {
        "Author": {
          "value": "themcutimes"
        },
        "Time": {
          "timestamp": 1770243697
        },
        "URL": {
          "href": "https://www.instagram.com/p/DUTKf2aCIHk/"
        }
      }
    },
    {
      "string_map_data": {
        "Author": {
          "value": "themcutimes"
        },
        "Time": {
          "timestamp": 1770254933
        },
        "URL": {
          "href": "https://www.instagram.com/p/DUTKf2aCIHk/"
        }
      }
    },
    {
      "string_map_data": {
        "Author": {
          "value": "julialeviadin"
        },
        "Time": {
          "timestamp": 1770254957
        },
        "URL": {
          "href": "https://www.instagram.com/p/DUWp1V3DPo7IQGLPAEqLuBPfckx8ZT1IRfHu1M0/"
        }
      }
    },
    {
      "string_map_data": {
        "Author": {
          "value": "staatues"
        },
        "Time": {
          "timestamp": 1770258026
        },
        "URL": {
          "href": "https://www.instagram.com/p/DTsvSgIiPMD/"
        }
      }
    },
    {
      "string_map_data": {
        "Author": {
          "value": "instamashii"
        },
        "Time": {
          "timestamp": 1770258026
        },
        "URL": {
          "href": "https://www.instagram.com/p/DUWojnuj283/"
        }
      }
    },
    {
      "string_map_data": {
        "Author": {
          "value": "hoodpenguin"
        },
        "Time": {
          "timestamp": 1770258026
        },
        "URL": {
          "href": "https://www.instagram.com/p/DUWwBrfCQdI/"
        }
      }
    },
    {
      "string_map_data": {
        "Author": {
          "value": "pubity"
        },
        "Time": {
          "timestamp": 1770259727
        },
        "URL": {
          "href": "https://www.instagram.com/p/DUWa2jdjRia/"
        }
      }
    },
    {
      "string_map_data": {
        "Author": {
          "value": "f1archived"
        },
        "Time": {
          "timestamp": 1770259727
        },
        "URL": {
          "href": "https://www.instagram.com/p/DUXBFKLlEcN/"
        }
      }
    },
    {
      "string_map_data": {
        "Author": {
          "value": "luffydailyphotos"
        },
        "Time": {
          "timestamp": 1770262106
        },
        "URL": {
          "href": "https://www.instagram.com/p/DUKxuMSjPTz/"
        }
      }
    },
    {
      "string_map_data": {
        "Author": {
          "value": "suraj_moretti"
        },
        "Time": {
          "timestamp": 1770313237
        },
        "URL": {
          "href": "https://www.instagram.com/p/DUP0P4TD3Kw/"
        }
      }
    },
    {
      "string_map_data": {
        "Author": {
          "value": "hoodpenguin"
        },
        "Time": {
          "timestamp": 1770313237
        },
        "URL": {
          "href": "https://www.instagram.com/p/DUV9E3lCSdJ/"
        }
      }
    },
    {
      "string_map_data": {
        "Author": {
          "value": "g_customs92"
        },
        "Time": {
          "timestamp": 1770313259
        },
        "URL": {
          "href": "https://www.instagram.com/p/DUXviaBlO0aEFIQbY15rrEmnk3kfSfRnlKSazg0/"
        }
      }
    },
    {
      "string_map_data": {
        "Author": {
          "value": "noah.luu_"
        },
        "Time": {
          "timestamp": 1770313915
        },
        "URL": {
          "href": "https://www.instagram.com/p/DUH6sAUjbmt/"
        }
      }
    },
    {
      "string_map_data": {
        "Author": {
          "value": "memezar"
        },
        "Time": {
          "timestamp": 1770329517
        },
        "URL": {
          "href": "https://www.instagram.com/p/DUWZRwVjd56/"
        }
      }
    },
    {
      "string_map_data": {
        "Author": {
          "value": "classiccarvoyage"
        },
        "Time": {
          "timestamp": 1770329621
        },
        "URL": {
          "href": "https://www.instagram.com/p/DUGk-QOkiwS/"
        }
      }
    },
    {
      "string_map_data": {
        "Author": {
          "value": "themcutimes"
        },
        "Time": {
          "timestamp": 1770329621
        },
        "URL": {
          "href": "https://www.instagram.com/p/DUYFRBRl-Ix/"
        }
      }
    },
    {
      "string_map_data": {
        "Author": {
          "value": "quillen_domingue"
        },
        "Time": {
          "timestamp": 1770329621
        },
        "URL": {
          "href": "https://www.instagram.com/p/DUZCN8ommwwcYUjkR3ujNMLFxlpAMpiKh_gTA00/"
        }
      }
    },
    {
      "string_map_data": {
        "Author": {
          "value": "tns_newyork"
        },
        "Time": {
          "timestamp": 1770334908
        },
        "URL": {
          "href": "https://www.instagram.com/p/DUZJg_tFeJE/"
        }
      }
    },
    {
      "string_map_data": {
        "Author": {
          "value": "tns_newyork"
        },
        "Time": {
          "timestamp": 1770338413
        },
        "URL": {
          "href": "https://www.instagram.com/p/DUZJg_tFeJE/"
        }
      }
    },
    {
      "string_map_data": {
        "Author": {
          "value": "jack.balaban"
        },
        "Time": {
          "timestamp": 1770347334
        },
        "URL": {
          "href": "https://www.instagram.com/p/DUZCtGckl93/"
        }
      }
    },
    {
      "string_map_data": {
        "Author": {
          "value": "classiccarvoyage"
        },
        "Time": {
          "timestamp": 1770348142
        },
        "URL": {
          "href": "https://www.instagram.com/p/DUA31QaEl7z/"
        }
      }
    },
    {
      "string_map_data": {
        "Author": {
          "value": "emhyrule"
        },
        "Time": {
          "timestamp": 1770348142
        },
        "URL": {
          "href": "https://www.instagram.com/p/DUY6O3TDN7N/"
        }
      }
    },
    {
      "string_map_data": {
        "Author": {
          "value": "onepiecehubb_"
        },
        "Time": {
          "timestamp": 1770348172
        },
        "URL": {
          "href": "https://www.instagram.com/p/DT4KiFRjiVD/"
        }
      }
    },
    {
      "string_map_data": {
        "Author": {
          "value": "quenblackwell"
        },
        "Time": {
          "timestamp": 1770349864
        },
        "URL": {
          "href": "https://www.instagram.com/p/DUZVYZ1kk1T/"
        }
      }
    },
    {
      "string_map_data": {
        "Author": {
          "value": "rayylodge"
        },
        "Time": {
          "timestamp": 1770385426
        },
        "URL": {
          "href": "https://www.instagram.com/p/DUZw-RkEfQ_GU6QmyBI8Jlq-0an3ZFQX-nYHUg0/"
        }
      }
    },
    {
      "string_map_data": {
        "Author": {
          "value": "memezar"
        },
        "Time": {
          "timestamp": 1770400318
        },
        "URL": {
          "href": "https://www.instagram.com/p/DUYlbPXDEjK/"
        }
      }
    },
    {
      "string_map_data": {
        "Author": {
          "value": "themcutimes"
        },
        "Time": {
          "timestamp": 1770400318
        },
        "URL": {
          "href": "https://www.instagram.com/p/DUbNci-l6Be/"
        }
      }
    },
    {
      "string_map_data": {
        "Author": {
          "value": "petrolgears"
        },
        "Time": {
          "timestamp": 1770402927
        },
        "URL": {
          "href": "https://www.instagram.com/p/DTwEKAmE311/"
        }
      }
    },
    {
      "string_map_data": {
        "Author": {
          "value": "rwd.jay"
        },
        "Time": {
          "timestamp": 1770402927
        },
        "URL": {
          "href": "https://www.instagram.com/p/DUGu4WCCd1V/"
        }
      }
    },
    {
      "string_map_data": {
        "Author": {
          "value": "pubity"
        },
        "Time": {
          "timestamp": 1770402927
        },
        "URL": {
          "href": "https://www.instagram.com/p/DUSV8_2DQ9m/"
        }
      }
    },
    {
      "string_map_data": {
        "Author": {
          "value": "memezar"
        },
        "Time": {
          "timestamp": 1770402927
        },
        "URL": {
          "href": "https://www.instagram.com/p/DUWB8OrDA10/"
        }
      }
    },
    {
      "string_map_data": {
        "Author": {
          "value": "moderatelyfaded"
        },
        "Time": {
          "timestamp": 1770403029
        },
        "URL": {
          "href": "https://www.instagram.com/p/DUGcGq5kXlT/"
        }
      }
    },
    {
      "string_map_data": {
        "Author": {
          "value": "lilkvsh"
        },
        "Time": {
          "timestamp": 1770403029
        },
        "URL": {
          "href": "https://www.instagram.com/p/DUV6tnRDQix/"
        }
      }
    },
    {
      "string_map_data": {
        "Author": {
          "value": "fortnite"
        },
        "Time": {
          "timestamp": 1770403029
        },
        "URL": {
          "href": "https://www.instagram.com/p/DUbTOSRCkiz/"
        }
      }
    },
    {
      "string_map_data": {
        "Author": {
          "value": "entertainmenttonight"
        },
        "Time": {
          "timestamp": 1770405054
        },
        "URL": {
          "href": "https://www.instagram.com/p/DUWDwwhDHoO/"
        }
      }
    },
    {
      "string_map_data": {
        "Author": {
          "value": "afterscrolls"
        },
        "Time": {
          "timestamp": 1770407612
        },
        "URL": {
          "href": "https://www.instagram.com/p/DT0DVh0EgWU/"
        }
      }
    },
    {
      "string_map_data": {
        "Author": {
          "value": "pubity"
        },
        "Time": {
          "timestamp": 1770407612
        },
        "URL": {
          "href": "https://www.instagram.com/p/DUaY5SZkSnf/"
        }
      }
    },
    {
      "string_map_data": {
        "Author": {
          "value": "memezar"
        },
        "Time": {
          "timestamp": 1770407612
        },
        "URL": {
          "href": "https://www.instagram.com/p/DUa_6bJDH8J/"
        }
      }
    },
    {
      "string_map_data": {
        "Author": {
          "value": "comedyslam"
        },
        "Time": {
          "timestamp": 1770407717
        },
        "URL": {
          "href": "https://www.instagram.com/p/DT85HRlE1sf/"
        }
      }
    },
    {
      "string_map_data": {
        "Author": {
          "value": "pournagraphy"
        },
        "Time": {
          "timestamp": 1770407717
        },
        "URL": {
          "href": "https://www.instagram.com/p/DUZAGQ9k0Ul/"
        }
      }
    },
    {
      "string_map_data": {
        "Author": {
          "value": "lucaishere_hi"
        },
        "Time": {
          "timestamp": 1770407717
        },
        "URL": {
          "href": "https://www.instagram.com/p/DUbZo-VFCo6/"
        }
      }
    },
    {
      "string_map_data": {
        "Author": {
          "value": "aizen.ssz"
        },
        "Time": {
          "timestamp": 1770407751
        },
        "URL": {
          "href": "https://www.instagram.com/p/DT-a4kyjbjj/"
        }
      }
    },
    {
      "string_map_data": {
        "Author": {
          "value": "xyuee.cars"
        },
        "Time": {
          "timestamp": 1770411007
        },
        "URL": {
          "href": "https://www.instagram.com/p/DTu9OCgEvDu/"
        }
      }
    },
    {
      "string_map_data": {
        "Author": {
          "value": "memezar"
        },
        "Time": {
          "timestamp": 1770411007
        },
        "URL": {
          "href": "https://www.instagram.com/p/DT5cDkmjCNf/"
        }
      }
    },
    {
      "string_map_data": {
        "Author": {
          "value": "stzy.us"
        },
        "Time": {
          "timestamp": 1770411007
        },
        "URL": {
          "href": "https://www.instagram.com/p/DUL7yMDgcCp/"
        }
      }
    },
    {
      "string_map_data": {
        "Author": {
          "value": "hoodpenguin"
        },
        "Time": {
          "timestamp": 1770411007
        },
        "URL": {
          "href": "https://www.instagram.com/p/DUTWNGPCSIj/"
        }
      }
    },
    {
      "string_map_data": {
        "Author": {
          "value": "memezar"
        },
        "Time": {
          "timestamp": 1770411660
        },
        "URL": {
          "href": "https://www.instagram.com/p/DUYeco2jI98/"
        }
      }
    },
    {
      "string_map_data": {
        "Author": {
          "value": "aways"
        },
        "Time": {
          "timestamp": 1770418259
        },
        "URL": {
          "href": "https://www.instagram.com/p/DTx6RL1DXZO/"
        }
      }
    },
    {
      "string_map_data": {
        "Author": {
          "value": "lilkvsh"
        },
        "Time": {
          "timestamp": 1770418259
        },
        "URL": {
          "href": "https://www.instagram.com/p/DURnzcfCI27/"
        }
      }
    },
    {
      "string_map_data": {
        "Author": {
          "value": "lou_litaee"
        },
        "Time": {
          "timestamp": 1770418384
        },
        "URL": {
          "href": "https://www.instagram.com/p/DTqPMHQiJTb/"
        }
      }
    },
    {
      "string_map_data": {
        "Author": {
          "value": "cool.car.design"
        },
        "Time": {
          "timestamp": 1770418384
        },
        "URL": {
          "href": "https://www.instagram.com/p/DTqzYY1jGSr/"
        }
      }
    },
    {
      "string_map_data": {
        "Author": {
          "value": "albert_lu_image"
        },
        "Time": {
          "timestamp": 1770418384
        },
        "URL": {
          "href": "https://www.instagram.com/p/DUOAj7okeO6/"
        }
      }
    },
    {
      "string_map_data": {
        "Author": {
          "value": "emedeamores"
        },
        "Time": {
          "timestamp": 1770418494
        },
        "URL": {
          "href": "https://www.instagram.com/p/DT3XwrXDVf0/"
        }
      }
    },
    {
      "string_map_data": {
        "Author": {
          "value": "d__amazing"
        },
        "Time": {
          "timestamp": 1770418494
        },
        "URL": {
          "href": "https://www.instagram.com/p/DUZikpvkvzv/"
        }
      }
    },
    {
      "string_map_data": {
        "Author": {
          "value": "memezar"
        },
        "Time": {
          "timestamp": 1770418494
        },
        "URL": {
          "href": "https://www.instagram.com/p/DUbWYjeDajM/"
        }
      }
    },
    {
      "string_map_data": {
        "Author": {
          "value": "memes.69_._"
        },
        "Time": {
          "timestamp": 1770418777
        },
        "URL": {
          "href": "https://www.instagram.com/p/DT8xrbkk-3a/"
        }
      }
    },
    {
      "string_map_data": {
        "Author": {
          "value": "memezar"
        },
        "Time": {
          "timestamp": 1770418777
        },
        "URL": {
          "href": "https://www.instagram.com/p/DUbQR4ljYSs/"
        }
      }
    },
    {
      "string_map_data": {
        "Author": {
          "value": "straight_f56"
        },
        "Time": {
          "timestamp": 1770418875
        },
        "URL": {
          "href": "https://www.instagram.com/p/DTyBcTPDRUH/"
        }
      }
    },
    {
      "string_map_data": {
        "Author": {
          "value": "memezar"
        },
        "Time": {
          "timestamp": 1770418875
        },
        "URL": {
          "href": "https://www.instagram.com/p/DUbwi4kkyOR/"
        }
      }
    },
    {
      "string_map_data": {
        "Author": {
          "value": "austin_shepard3"
        },
        "Time": {
          "timestamp": 1770419172
        },
        "URL": {
          "href": "https://www.instagram.com/p/DUbN_FUiRwa/"
        }
      }
    },
    {
      "string_map_data": {
        "Author": {
          "value": "golden_retriever_express"
        },
        "Time": {
          "timestamp": 1770419481
        },
        "URL": {
          "href": "https://www.instagram.com/p/DTnidMdkmOS/"
        }
      }
    },
    {
      "string_map_data": {
        "Author": {
          "value": "e36bestcar"
        },
        "Time": {
          "timestamp": 1770419481
        },
        "URL": {
          "href": "https://www.instagram.com/p/DUTk15zjIsr/"
        }
      }
    },
    {
      "string_map_data": {
        "Author": {
          "value": "memezar"
        },
        "Time": {
          "timestamp": 1770419481
        },
        "URL": {
          "href": "https://www.instagram.com/p/DUUFgOejA9W/"
        }
      }
    },
    {
      "string_map_data": {
        "Author": {
          "value": "hhaylah"
        },
        "Time": {
          "timestamp": 1770476855
        },
        "URL": {
          "href": "https://www.instagram.com/p/DUUV49jEYQP/"
        }
      }
    },
    {
      "string_map_data": {
        "Author": {
          "value": "emhyrule"
        },
        "Time": {
          "timestamp": 1770476855
        },
        "URL": {
          "href": "https://www.instagram.com/p/DUafnu0DMbw/"
        }
      }
    },
    {
      "string_map_data": {
        "Author": {
          "value": "llillianmarie2"
        },
        "Time": {
          "timestamp": 1770479541
        },
        "URL": {
          "href": "https://www.instagram.com/p/DUcMEUKkWgQ/"
        }
      }
    },
    {
      "string_map_data": {
        "Author": {
          "value": "onepieceuniversity"
        },
        "Time": {
          "timestamp": 1770479541
        },
        "URL": {
          "href": "https://www.instagram.com/p/DUckEM0AXU5/"
        }
      }
    },
    {
      "string_map_data": {
        "Author": {
          "value": "themcutimes"
        },
        "Time": {
          "timestamp": 1770479541
        },
        "URL": {
          "href": "https://www.instagram.com/p/DUdfSA8F_S1/"
        }
      }
    },
    {
      "string_map_data": {
        "Author": {
          "value": "pubity"
        },
        "Time": {
          "timestamp": 1770489237
        },
        "URL": {
          "href": "https://www.instagram.com/p/DUcHwv4Daqu/"
        }
      }
    },
    {
      "string_map_data": {
        "Author": {
          "value": "dyslexic_daddy"
        },
        "Time": {
          "timestamp": 1770490695
        },
        "URL": {
          "href": "https://www.instagram.com/p/DUXJyGLjBJ9/"
        }
      }
    },
    {
      "string_map_data": {
        "Author": {
          "value": "instamashii"
        },
        "Time": {
          "timestamp": 1770495793
        },
        "URL": {
          "href": "https://www.instagram.com/p/DUb_3EOj4rc/"
        }
      }
    },
    {
      "string_map_data": {
        "Author": {
          "value": "filasteeni"
        },
        "Time": {
          "timestamp": 1770495887
        },
        "URL": {
          "href": "https://www.instagram.com/p/DUdPTyrjH-Q/"
        }
      }
    },
    {
      "string_map_data": {
        "Author": {
          "value": "memezar"
        },
        "Time": {
          "timestamp": 1770497298
        },
        "URL": {
          "href": "https://www.instagram.com/p/DUd088IjDmR/"
        }
      }
    },
    {
      "string_map_data": {
        "Author": {
          "value": "cordelia_with_a_curiosity"
        },
        "Time": {
          "timestamp": 1770518602
        },
        "URL": {
          "href": "https://www.instagram.com/p/DUesgmNDoJPtyzrnKiZXURp80OXX3FjrFbDrEA0/"
        }
      }
    },
    {
      "string_map_data": {
        "Author": {
          "value": "emhyrule"
        },
        "Time": {
          "timestamp": 1770519478
        },
        "URL": {
          "href": "https://www.instagram.com/p/DUafnu0DMbw/"
        }
      }
    },
    {
      "string_map_data": {
        "Author": {
          "value": "collect"
        },
        "Time": {
          "timestamp": 1770519478
        },
        "URL": {
          "href": "https://www.instagram.com/p/DUb3SqNkj-X/"
        }
      }
    },
    {
      "string_map_data": {
        "Author": {
          "value": "kuma.cookie_"
        },
        "Time": {
          "timestamp": 1770524412
        },
        "URL": {
          "href": "https://www.instagram.com/p/DUaq4ltE1YY/"
        }
      }
    },
    {
      "string_map_data": {
        "Author": {
          "value": "jamesgunn"
        },
        "Time": {
          "timestamp": 1770592876
        },
        "URL": {
          "href": "https://www.instagram.com/p/DUdjNqDgJFM/"
        }
      }
    },
    {
      "string_map_data": {
        "Author": {
          "value": "emhyrule"
        },
        "Time": {
          "timestamp": 1770592876
        },
        "URL": {
          "href": "https://www.instagram.com/p/DUfusTtjEJU/"
        }
      }
    },
    {
      "string_map_data": {
        "Author": {
          "value": "nsfreepress"
        },
        "Time": {
          "timestamp": 1770592876
        },
        "URL": {
          "href": "https://www.instagram.com/p/DUgH-YdDXHp/"
        }
      }
    },
    {
      "string_map_data": {
        "Author": {
          "value": "jamesgunn"
        },
        "Time": {
          "timestamp": 1770605011
        },
        "URL": {
          "href": "https://www.instagram.com/p/DUdjNqDgJFM/"
        }
      }
    },
    {
      "string_map_data": {
        "Author": {
          "value": "emhyrule"
        },
        "Time": {
          "timestamp": 1770605011
        },
        "URL": {
          "href": "https://www.instagram.com/p/DUfusTtjEJU/"
        }
      }
    },
    {
      "string_map_data": {
        "Author": {
          "value": "nsfreepress"
        },
        "Time": {
          "timestamp": 1770605011
        },
        "URL": {
          "href": "https://www.instagram.com/p/DUgH-YdDXHp/"
        }
      }
    },
    {
      "string_map_data": {
        "Author": {
          "value": "couples"
        },
        "Time": {
          "timestamp": 1770652702
        },
        "URL": {
          "href": "https://www.instagram.com/p/DTvL5dmEa3t/"
        }
      }
    },
    {
      "string_map_data": {
        "Author": {
          "value": "memezar"
        },
        "Time": {
          "timestamp": 1770652702
        },
        "URL": {
          "href": "https://www.instagram.com/p/DUhpFFxjaGB/"
        }
      }
    },
    {
      "string_map_data": {
        "Author": {
          "value": "ferrari"
        },
        "Time": {
          "timestamp": 1770652702
        },
        "URL": {
          "href": "https://www.instagram.com/p/DUidkaUDiv7/"
        }
      }
    },
    {
      "string_map_data": {
        "Author": {
          "value": "f1troll"
        },
        "Time": {
          "timestamp": 1770652752
        },
        "URL": {
          "href": "https://www.instagram.com/p/DUiaDuhiP_f/"
        }
      }
    },
    {
      "string_map_data": {
        "Author": {
          "value": "lilkvsh"
        },
        "Time": {
          "timestamp": 1770652863
        },
        "URL": {
          "href": "https://www.instagram.com/p/DUg3D4SDa7r/"
        }
      }
    },
    {
      "string_map_data": {
        "Author": {
          "value": "memezar"
        },
        "Time": {
          "timestamp": 1770652863
        },
        "URL": {
          "href": "https://www.instagram.com/p/DUhDP--D09y/"
        }
      }
    },
    {
      "string_map_data": {
        "Author": {
          "value": "eveoart"
        },
        "Time": {
          "timestamp": 1770652954
        },
        "URL": {
          "href": "https://www.instagram.com/p/DT5jhPUjYM9/"
        }
      }
    },
    {
      "string_map_data": {
        "Author": {
          "value": "tns_tokyo"
        },
        "Time": {
          "timestamp": 1770652954
        },
        "URL": {
          "href": "https://www.instagram.com/p/DUW4DPCmHXX/"
        }
      }
    },
    {
      "string_map_data": {
        "Author": {
          "value": "memezar"
        },
        "Time": {
          "timestamp": 1770652954
        },
        "URL": {
          "href": "https://www.instagram.com/p/DUgP3NJEcmv/"
        }
      }
    },
    {
      "string_map_data": {
        "Author": {
          "value": "gooseandhisadventures"
        },
        "Time": {
          "timestamp": 1770653440
        },
        "URL": {
          "href": "https://www.instagram.com/p/DTwppC3DJPt/"
        }
      }
    },
    {
      "string_map_data": {
        "Author": {
          "value": "pubity"
        },
        "Time": {
          "timestamp": 1770653440
        },
        "URL": {
          "href": "https://www.instagram.com/p/DUd7Ur2kmmJ/"
        }
      }
    },
    {
      "string_map_data": {
        "Author": {
          "value": "cloutsubway"
        },
        "Time": {
          "timestamp": 1770658976
        },
        "URL": {
          "href": "https://www.instagram.com/p/DUd_rmVD8JP/"
        }
      }
    },
    {
      "string_map_data": {
        "Author": {
          "value": "themcutimes"
        },
        "Time": {
          "timestamp": 1770658976
        },
        "URL": {
          "href": "https://www.instagram.com/p/DUgWxXxFwDK/"
        }
      }
    },
    {
      "string_map_data": {
        "Author": {
          "value": "mrbeast"
        },
        "Time": {
          "timestamp": 1770659130
        },
        "URL": {
          "href": "https://www.instagram.com/p/DUhUPEUkWE2/"
        }
      }
    },
    {
      "string_map_data": {
        "Author": {
          "value": "espnf1"
        },
        "Time": {
          "timestamp": 1770659165
        },
        "URL": {
          "href": "https://www.instagram.com/p/DUhQ9GkjnsI/"
        }
      }
    },
    {
      "string_map_data": {
        "Author": {
          "value": "carsonsahualla"
        },
        "Time": {
          "timestamp": 1770659165
        },
        "URL": {
          "href": "https://www.instagram.com/p/DUiwcSbDIVxZ4k0dludEATtNhH9PuoIN0Ho2CM0/"
        }
      }
    }
  ]
}