[
  {
    "timestamp": 1770646475,
    "media": [
      
    ],
    "label_values": [
      {
        "label": "Interest",
        "value": "The user might be interested in new york city and local events"
      },
      {
        "label": "Last updated time",
        "timestamp_value": 1770646475
      }
    ],
    "fbid": "18558336283024519"
  },
  {
    "timestamp": 1770646475,
    "media": [
      
    ],
    "label_values": [
      {
        "label": "Interest",
        "value": "The user might be interested in parenting and family bonding"
      },
      {
        "label": "Last updated time",
        "timestamp_value": 1770646475
      }
    ],
    "fbid": "18558336280024519"
  },
  {
    "timestamp": 1770646475,
    "media": [
      
    ],
    "label_values": [
      {
        "label": "Interest",
        "value": "The user might be interested in formula 1 racing and history"
      },
      {
        "label": "Last updated time",
        "timestamp_value": 1770646475
      }
    ],
    "fbid": "18558336277024519"
  },
  {
    "timestamp": 1769779080,
    "media": [
      
    ],
    "label_values": [
      {
        "label": "Interest",
        "value": "The user might be interested in humor and comedy"
      },
      {
        "label": "Last updated time",
        "timestamp_value": 1770646475
      }
    ],
    "fbid": "18554350846024519"
  },
  {
    "timestamp": 1767482831,
    "media": [
      
    ],
    "label_values": [
      {
        "label": "Interest",
        "value": "The user might be interested in car culture and enthusiasts"
      },
      {
        "label": "Last updated time",
        "timestamp_value": 1770646475
      }
    ],
    "fbid": "18548743465024519"
  }
]