[
  {
    "media": [
      {
        "uri": "media/posts/202510/18379227049180569.jpg",
        "creation_timestamp": 1760203461,
        "media_metadata": {
          "camera_metadata": {
            "has_camera_metadata": false
          }
        },
        "title": "",
        "cross_post_source": {
          "source_app": "FB"
        }
      },
      {
        "uri": "media/posts/202510/17864284182477296.jpg",
        "creation_timestamp": 1760203461,
        "media_metadata": {
          "camera_metadata": {
            "has_camera_metadata": false
          }
        },
        "title": "",
        "cross_post_source": {
          "source_app": "FB"
        }
      },
      {
        "uri": "media/posts/202510/18082250752992199.jpg",
        "creation_timestamp": 1760203461,
        "media_metadata": {
          "camera_metadata": {
            "has_camera_metadata": false
          }
        },
        "title": "",
        "cross_post_source": {
          "source_app": "FB"
        }
      }
    ],
    "title": ".",
    "creation_timestamp": 1760203462
  },
  {
    "media": [
      {
        "uri": "media/posts/202509/18075121976092433.jpg",
        "creation_timestamp": 1757089716,
        "media_metadata": {
          "camera_metadata": {
            "has_camera_metadata": false
          }
        },
        "title": "",
        "cross_post_source": {
          "source_app": "FB"
        }
      },
      {
        "uri": "media/posts/202509/17959018097992235.jpg",
        "creation_timestamp": 1757089716,
        "media_metadata": {
          "camera_metadata": {
            "has_camera_metadata": false
          }
        },
        "title": "",
        "cross_post_source": {
          "source_app": "FB"
        }
      },
      {
        "uri": "media/posts/202509/17922291174114536.jpg",
        "creation_timestamp": 1757089716,
        "media_metadata": {
          "camera_metadata": {
            "has_camera_metadata": false
          }
        },
        "title": "",
        "cross_post_source": {
          "source_app": "FB"
        }
      }
    ],
    "title": "\u00f0\u009f\u0090\u008f\u00f0\u009f\u0090\u008f\u00f0\u009f\u0090\u008f\u00f0\u009f\u0090\u008f\u00f0\u009f\u0090\u008f",
    "creation_timestamp": 1757089717
  },
  {
    "media": [
      {
        "uri": "media/posts/202507/18071181497094390.jpg",
        "creation_timestamp": 1752426193,
        "media_metadata": {
          "camera_metadata": {
            "has_camera_metadata": false
          }
        },
        "title": "",
        "cross_post_source": {
          "source_app": "FB"
        }
      },
      {
        "uri": "media/posts/202507/18107147818470285.jpg",
        "creation_timestamp": 1752426193,
        "media_metadata": {
          "camera_metadata": {
            "has_camera_metadata": false
          }
        },
        "title": "",
        "cross_post_source": {
          "source_app": "FB"
        }
      },
      {
        "uri": "media/posts/202507/18088405315674250.jpg",
        "creation_timestamp": 1752426193,
        "media_metadata": {
          "camera_metadata": {
            "has_camera_metadata": false
          }
        },
        "title": "",
        "cross_post_source": {
          "source_app": "FB"
        }
      },
      {
        "uri": "media/posts/202507/17928595899082257.jpg",
        "creation_timestamp": 1752426193,
        "media_metadata": {
          "camera_metadata": {
            "has_camera_metadata": false
          }
        },
        "title": "",
        "cross_post_source": {
          "source_app": "FB"
        }
      }
    ],
    "title": "\u00f0\u009f\u008f\u008e\u00ef\u00b8\u008f\u00f0\u009f\u0092\u00a8",
    "creation_timestamp": 1752426194
  }
]