[
  {
    "timestamp": 1770346590,
    "media": [
      
    ],
    "label_values": [
      {
        "label": "Text",
        "value": ""
      },
      {
        "label": "Expiration time",
        "timestamp_value": 4923946590
      },
      {
        "dict": [
          {
            "dict": [
              {
                "label": "URL",
                "value": "https://www.instagram.com/reel/DUYT6fnkXcz/",
                "href": "https://www.instagram.com/reel/DUYT6fnkXcz/"
              },
              {
                "dict": [
                  {
                    "dict": [
                      {
                        "label": "URL",
                        "value": ""
                      },
                      {
                        "label": "Name",
                        "value": "CLIPS"
                      },
                      {
                        "label": "Username",
                        "value": "reelclipcentral"
                      }
                    ],
                    "title": ""
                  }
                ],
                "title": "Owner"
              }
            ],
            "title": ""
          }
        ],
        "title": "Media"
      }
    ],
    "fbid": "18118693309608619"
  },
  {
    "timestamp": 1768192914,
    "media": [
      
    ],
    "label_values": [
      {
        "label": "Text",
        "value": ""
      },
      {
        "label": "Expiration time",
        "timestamp_value": 4921792913
      },
      {
        "dict": [
          {
            "dict": [
              {
                "label": "URL",
                "value": "https://www.instagram.com/reel/DTV26hggWVV/",
                "href": "https://www.instagram.com/reel/DTV26hggWVV/"
              },
              {
                "dict": [
                  {
                    "dict": [
                      {
                        "label": "URL",
                        "value": "https://m.youtube.com/@FreakyFinibus"
                      },
                      {
                        "label": "Name",
                        "value": "finibus"
                      },
                      {
                        "label": "Username",
                        "value": "freakyfinibus"
                      }
                    ],
                    "title": ""
                  }
                ],
                "title": "Owner"
              }
            ],
            "title": ""
          }
        ],
        "title": "Media"
      }
    ],
    "fbid": "17991915785913350"
  },
  {
    "timestamp": 1765940206,
    "media": [
      
    ],
    "label_values": [
      {
        "label": "Text",
        "value": ""
      },
      {
        "label": "Expiration time",
        "timestamp_value": 4919540206
      },
      {
        "dict": [
          {
            "dict": [
              {
                "label": "URL",
                "value": "https://www.instagram.com/p/DSTAN35DOSL/",
                "href": "https://www.instagram.com/p/DSTAN35DOSL/"
              },
              {
                "dict": [
                  {
                    "dict": [
                      {
                        "label": "URL",
                        "value": "https://www.tiktok.com/@emhyrule"
                      },
                      {
                        "label": "Name",
                        "value": "emHyrule | Noticias 1/12 & FigReport"
                      },
                      {
                        "label": "Username",
                        "value": "emhyrule"
                      }
                    ],
                    "title": ""
                  }
                ],
                "title": "Owner"
              }
            ],
            "title": ""
          }
        ],
        "title": "Media"
      }
    ],
    "fbid": "18071662928524439"
  },
  {
    "timestamp": 1765380274,
    "media": [
      
    ],
    "label_values": [
      {
        "label": "Text",
        "value": ""
      },
      {
        "label": "Expiration time",
        "timestamp_value": 4918980274
      },
      {
        "dict": [
          {
            "dict": [
              {
                "label": "URL",
                "value": "https://www.instagram.com/reel/DR7sEUQkVmm/",
                "href": "https://www.instagram.com/reel/DR7sEUQkVmm/"
              },
              {
                "dict": [
                  {
                    "dict": [
                      {
                        "label": "URL",
                        "value": "http://stan.store/UNSHAKEABLE"
                      },
                      {
                        "label": "Name",
                        "value": "Amie Cherry"
                      },
                      {
                        "label": "Username",
                        "value": "unbotheredbabeco"
                      }
                    ],
                    "title": ""
                  }
                ],
                "title": "Owner"
              }
            ],
            "title": ""
          }
        ],
        "title": "Media"
      }
    ],
    "fbid": "17993484527906825"
  },
  {
    "timestamp": 1759690042,
    "media": [
      
    ],
    "label_values": [
      {
        "label": "Text",
        "value": ""
      },
      {
        "label": "Expiration time",
        "timestamp_value": 4913290042
      },
      {
        "dict": [
          {
            "dict": [
              {
                "label": "URL",
                "value": "https://www.instagram.com/reel/DNRa2R-tMTF/",
                "href": "https://www.instagram.com/reel/DNRa2R-tMTF/"
              },
              {
                "dict": [
                  {
                    "dict": [
                      {
                        "label": "URL",
                        "value": "http://linktree.com/waltermasterson"
                      },
                      {
                        "label": "Name",
                        "value": ""
                      },
                      {
                        "label": "Username",
                        "value": "waltermasterson"
                      }
                    ],
                    "title": ""
                  }
                ],
                "title": "Owner"
              }
            ],
            "title": ""
          }
        ],
        "title": "Media"
      }
    ],
    "fbid": "17920705800174680"
  }
]