{
  "ig_stories": [
    {
      "uri": "media/stories/202602/18037981067542427.mp4",
      "creation_timestamp": 1770495834,
      "media_metadata": {
        "video_metadata": {
          "music_genre": "Meditative & Space Music, New Age Music",
          "exif_data": [
            {
              "device_id": "3B5890F7-6250-4834-8E5D-4926FCCC5F78",
              "camera_position": "unknown",
              "source_type": "feed_reshare"
            }
          ]
        },
        "camera_metadata": {
          "has_camera_metadata": false
        }
      },
      "title": "",
      "cross_post_source": {
        "source_app": "FB"
      },
      "dubbing_info": [
        
      ],
      "media_variants": [
        
      ]
    },
    {
      "uri": "media/stories/202602/18060596288660032.mp4",
      "creation_timestamp": 1770065042,
      "media_metadata": {
        "video_metadata": {
          "music_genre": "Animation Soundtracks, TV & Movie Soundtracks",
          "exif_data": [
            {
              "device_id": "3B5890F7-6250-4834-8E5D-4926FCCC5F78",
              "camera_position": "unknown",
              "source_type": "feed_reshare"
            }
          ]
        },
        "camera_metadata": {
          "has_camera_metadata": false
        }
      },
      "title": "",
      "cross_post_source": {
        "source_app": "FB"
      },
      "dubbing_info": [
        
      ],
      "media_variants": [
        
      ]
    },
    {
      "uri": "media/stories/202601/17854993464565630.mp4",
      "creation_timestamp": 1769715424,
      "media_metadata": {
        "video_metadata": {
          "music_genre": "Indie Music, Indie Pop Music, New Age Music, TV & Movie Music Artists, TV & Movie Soundtracks",
          "exif_data": [
            {
              "device_id": "3B5890F7-6250-4834-8E5D-4926FCCC5F78",
              "camera_position": "unknown",
              "source_type": "feed_reshare"
            }
          ]
        },
        "camera_metadata": {
          "has_camera_metadata": false
        }
      },
      "title": "",
      "cross_post_source": {
        "source_app": "FB"
      },
      "dubbing_info": [
        
      ],
      "media_variants": [
        
      ]
    },
    {
      "uri": "media/stories/202601/18092808908102007.jpg",
      "creation_timestamp": 1769638647,
      "media_metadata": {
        "photo_metadata": {
          "exif_data": [
            {
              "device_id": "3B5890F7-6250-4834-8E5D-4926FCCC5F78",
              "camera_position": "unknown",
              "source_type": "feed_reshare"
            }
          ]
        },
        "camera_metadata": {
          "has_camera_metadata": false
        }
      },
      "title": "",
      "cross_post_source": {
        "source_app": "FB"
      }
    },
    {
      "uri": "media/stories/202601/18119241280583613.jpg",
      "creation_timestamp": 1769180154,
      "media_metadata": {
        "photo_metadata": {
          "exif_data": [
            {
              "iso": 1250,
              "focal_length": "6.86",
              "lens_model": "iPhone 14 Pro back triple camera 6.86mm f/1.78",
              "software": "26.1",
              "device_id": "3B5890F7-6250-4834-8E5D-4926FCCC5F78",
              "scene_type": 1,
              "camera_position": "back",
              "lens_make": "Apple",
              "date_time_digitized": "2026:01:08 21:12:50",
              "date_time_original": "2026:01:08 21:12:50",
              "source_type": "library",
              "aperture": "1.6637544824637274",
              "shutter_speed": "4.906948304613675",
              "metering_mode": "5"
            }
          ]
        },
        "camera_metadata": {
          "has_camera_metadata": true
        }
      },
      "title": "",
      "cross_post_source": {
        "source_app": "FB"
      }
    },
    {
      "uri": "media/stories/202601/18146716912453734.jpg",
      "creation_timestamp": 1767997406,
      "media_metadata": {
        "photo_metadata": {
          "exif_data": [
            {
              "iso": 160,
              "focal_length": "6.86",
              "lens_model": "iPhone 14 Pro back triple camera 6.86mm f/1.78",
              "software": "26.1",
              "device_id": "3B5890F7-6250-4834-8E5D-4926FCCC5F78",
              "scene_type": 1,
              "camera_position": "back",
              "lens_make": "Apple",
              "date_time_digitized": "2026:01:09 14:09:29",
              "date_time_original": "2026:01:09 14:09:29",
              "source_type": "library",
              "aperture": "1.6637544824637274",
              "shutter_speed": "6.90677518232745",
              "metering_mode": "5"
            }
          ]
        },
        "camera_metadata": {
          "has_camera_metadata": true
        }
      },
      "title": "Baller from birf",
      "cross_post_source": {
        "source_app": "FB"
      }
    },
    {
      "uri": "media/stories/202512/18400217974122367.jpg",
      "creation_timestamp": 1766810828,
      "media_metadata": {
        "photo_metadata": {
          "exif_data": [
            {
              "iso": 1600,
              "focal_length": "6.86",
              "lens_model": "iPhone 14 Pro back triple camera 6.86mm f/1.78",
              "software": "26.1",
              "device_id": "3B5890F7-6250-4834-8E5D-4926FCCC5F78",
              "scene_type": 1,
              "camera_position": "front",
              "lens_make": "Apple",
              "date_time_digitized": "2025:12:25 10:19:25",
              "date_time_original": "2025:12:25 10:19:25",
              "source_type": "library",
              "aperture": "1.6637544824637274",
              "shutter_speed": "4.584812471060348",
              "metering_mode": "5"
            }
          ]
        },
        "camera_metadata": {
          "has_camera_metadata": true
        }
      },
      "title": "",
      "cross_post_source": {
        "source_app": "FB"
      }
    },
    {
      "uri": "media/stories/202512/17871342177480022.jpg",
      "creation_timestamp": 1766620707,
      "media_metadata": {
        "photo_metadata": {
          "exif_data": [
            {
              "iso": 640,
              "focal_length": "6.86",
              "lens_model": "iPhone 14 Pro back triple camera 6.86mm f/1.78",
              "software": "26.1",
              "device_id": "3B5890F7-6250-4834-8E5D-4926FCCC5F78",
              "scene_type": 1,
              "camera_position": "front",
              "lens_make": "Apple",
              "date_time_digitized": "2025:12:24 15:45:20",
              "date_time_original": "2025:12:24 15:45:20",
              "source_type": "library",
              "aperture": "1.6637544824637274",
              "shutter_speed": "5.877897182689515",
              "metering_mode": "5"
            }
          ]
        },
        "camera_metadata": {
          "has_camera_metadata": true
        }
      },
      "title": "",
      "cross_post_source": {
        "source_app": "FB"
      }
    },
    {
      "uri": "media/stories/202512/18377161021157197.mp4",
      "creation_timestamp": 1766603262,
      "media_metadata": {
        "video_metadata": {
          "exif_data": [
            {
              "device_id": "3B5890F7-6250-4834-8E5D-4926FCCC5F78",
              "camera_position": "front",
              "source_type": "library"
            }
          ]
        },
        "camera_metadata": {
          "has_camera_metadata": false
        }
      },
      "title": "",
      "cross_post_source": {
        "source_app": "FB"
      },
      "dubbing_info": [
        
      ],
      "media_variants": [
        
      ]
    },
    {
      "uri": "media/stories/202512/17870932854482312.jpg",
      "creation_timestamp": 1766599185,
      "media_metadata": {
        "photo_metadata": {
          "exif_data": [
            {
              "iso": 640,
              "focal_length": "6.86",
              "lens_model": "iPhone 14 Pro back triple camera 6.86mm f/1.78",
              "software": "26.1",
              "device_id": "3B5890F7-6250-4834-8E5D-4926FCCC5F78",
              "scene_type": 1,
              "camera_position": "front",
              "lens_make": "Apple",
              "date_time_digitized": "2025:12:24 09:25:17",
              "date_time_original": "2025:12:24 09:25:17",
              "source_type": "library",
              "aperture": "1.6637544824637274",
              "shutter_speed": "4.829223739062715",
              "metering_mode": "5"
            }
          ]
        },
        "camera_metadata": {
          "has_camera_metadata": true
        }
      },
      "title": "It's wets outside",
      "cross_post_source": {
        "source_app": "FB"
      }
    },
    {
      "uri": "media/stories/202512/18095723683894897.jpg",
      "creation_timestamp": 1766381172,
      "media_metadata": {
        "photo_metadata": {
          "exif_data": [
            {
              "iso": 1000,
              "focal_length": "6.86",
              "lens_model": "iPhone 14 Pro back triple camera 6.86mm f/1.78",
              "software": "26.1",
              "device_id": "3B5890F7-6250-4834-8E5D-4926FCCC5F78",
              "scene_type": 1,
              "camera_position": "front",
              "lens_make": "Apple",
              "date_time_digitized": "2025:12:20 18:42:04",
              "date_time_original": "2025:12:20 18:42:04",
              "source_type": "library",
              "aperture": "1.6637544824637274",
              "shutter_speed": "5.3217549817709635",
              "metering_mode": "5"
            }
          ]
        },
        "camera_metadata": {
          "has_camera_metadata": true
        }
      },
      "title": "",
      "cross_post_source": {
        "source_app": "FB"
      }
    },
    {
      "uri": "media/stories/202512/17993663018884563.jpg",
      "creation_timestamp": 1766381158,
      "media_metadata": {
        "photo_metadata": {
          "exif_data": [
            {
              "iso": 800,
              "focal_length": "2.22",
              "lens_model": "iPhone 14 Pro back triple camera 2.22mm f/2.2",
              "software": "26.1",
              "device_id": "3B5890F7-6250-4834-8E5D-4926FCCC5F78",
              "scene_type": 1,
              "camera_position": "front",
              "lens_make": "Apple",
              "date_time_digitized": "2025:12:21 00:33:10",
              "date_time_original": "2025:12:21 00:33:10",
              "source_type": "library",
              "aperture": "2.2750070475474535",
              "shutter_speed": "5.905736900634526",
              "metering_mode": "5"
            }
          ]
        },
        "camera_metadata": {
          "has_camera_metadata": true
        }
      },
      "title": "",
      "cross_post_source": {
        "source_app": "FB"
      }
    },
    {
      "uri": "media/stories/202512/18002481938832874.jpg",
      "creation_timestamp": 1766204863,
      "media_metadata": {
        "photo_metadata": {
          "exif_data": [
            {
              "iso": 80,
              "focal_length": "6.86",
              "lens_model": "iPhone 14 Pro back dual wide camera 6.86mm f/1.78",
              "software": "26.1",
              "device_id": "3B5890F7-6250-4834-8E5D-4926FCCC5F78",
              "scene_type": 1,
              "camera_position": "front",
              "lens_make": "Apple",
              "date_time_digitized": "2025:12:19 14:53:43",
              "date_time_original": "2025:12:19 14:53:43",
              "source_type": "library",
              "aperture": "1.663754482562451",
              "shutter_speed": "11.812627509932353",
              "metering_mode": "5"
            }
          ]
        },
        "camera_metadata": {
          "has_camera_metadata": true
        }
      },
      "title": "",
      "cross_post_source": {
        "source_app": "FB"
      }
    },
    {
      "uri": "media/stories/202512/18016413884797080.jpg",
      "creation_timestamp": 1766201321,
      "media_metadata": {
        "photo_metadata": {
          "exif_data": [
            {
              "iso": 1000,
              "focal_length": "2.22",
              "lens_model": "iPhone 14 Pro back triple camera 2.22mm f/2.2",
              "software": "26.1",
              "device_id": "3B5890F7-6250-4834-8E5D-4926FCCC5F78",
              "scene_type": 1,
              "camera_position": "front",
              "lens_make": "Apple",
              "date_time_digitized": "2025:12:19 19:26:39",
              "date_time_original": "2025:12:19 19:26:39",
              "source_type": "library",
              "aperture": "2.2750070475474535",
              "shutter_speed": "5.321697281908764",
              "metering_mode": "5"
            }
          ]
        },
        "camera_metadata": {
          "has_camera_metadata": true
        }
      },
      "title": "",
      "cross_post_source": {
        "source_app": "FB"
      }
    },
    {
      "uri": "media/stories/202512/18083507059884372.jpg",
      "creation_timestamp": 1766187315,
      "media_metadata": {
        "photo_metadata": {
          "exif_data": [
            {
              "iso": 80,
              "focal_length": "2.22",
              "lens_model": "iPhone 14 Pro back triple camera 2.22mm f/2.2",
              "software": "26.1",
              "device_id": "3B5890F7-6250-4834-8E5D-4926FCCC5F78",
              "scene_type": 1,
              "camera_position": "front",
              "lens_make": "Apple",
              "date_time_digitized": "2025:12:19 09:45:06",
              "date_time_original": "2025:12:19 09:45:06",
              "source_type": "library",
              "aperture": "2.2750070475474535",
              "shutter_speed": "6.795378468847857",
              "metering_mode": "5"
            }
          ]
        },
        "camera_metadata": {
          "has_camera_metadata": true
        }
      },
      "title": "I miss this bitch so much",
      "cross_post_source": {
        "source_app": "FB"
      }
    },
    {
      "uri": "media/stories/202512/18546467278062985.mp4",
      "creation_timestamp": 1764631661,
      "media_metadata": {
        "video_metadata": {
          "music_genre": "Alternative & Punk Music, Alternative Music, Alternative Rock Music, Emo Music, Gangsta Rap Music, Hip Hop & Rap Music, Indie Music",
          "exif_data": [
            {
              "device_id": "3B5890F7-6250-4834-8E5D-4926FCCC5F78",
              "camera_position": "unknown",
              "source_type": "feed_reshare"
            }
          ]
        },
        "camera_metadata": {
          "has_camera_metadata": false
        }
      },
      "title": "",
      "cross_post_source": {
        "source_app": "FB"
      },
      "dubbing_info": [
        
      ],
      "media_variants": [
        
      ]
    },
    {
      "uri": "media/stories/202511/18077287090967018.jpg",
      "creation_timestamp": 1764286346,
      "media_metadata": {
        "photo_metadata": {
          "exif_data": [
            {
              "iso": 200,
              "focal_length": "6.86",
              "lens_model": "iPhone 14 Pro back triple camera 6.86mm f/1.78",
              "software": "26.1",
              "device_id": "3B5890F7-6250-4834-8E5D-4926FCCC5F78",
              "scene_type": 1,
              "camera_position": "front",
              "lens_make": "Apple",
              "date_time_digitized": "2025:11:27 12:03:24",
              "date_time_original": "2025:11:27 12:03:24",
              "source_type": "library",
              "aperture": "1.6637544824637274",
              "shutter_speed": "6.922089825847846",
              "metering_mode": "5"
            }
          ]
        },
        "camera_metadata": {
          "has_camera_metadata": true
        }
      },
      "title": "Happy thanksgiving",
      "cross_post_source": {
        "source_app": "FB"
      }
    },
    {
      "uri": "media/stories/202511/18040302146686889.jpg",
      "creation_timestamp": 1763423558,
      "media_metadata": {
        "photo_metadata": {
          "exif_data": [
            {
              "device_id": "3B5890F7-6250-4834-8E5D-4926FCCC5F78",
              "camera_position": "unknown",
              "date_time_original": "2025:11:17 18:51:35",
              "source_type": "library"
            }
          ]
        },
        "camera_metadata": {
          "has_camera_metadata": false
        }
      },
      "title": "Happy 21 fool  @owenbluestine",
      "cross_post_source": {
        "source_app": "FB"
      }
    },
    {
      "uri": "media/stories/202511/18067759256084576.jpg",
      "creation_timestamp": 1763065747,
      "media_metadata": {
        "photo_metadata": {
          "exif_data": [
            {
              "iso": 250,
              "focal_length": "2.220000028611935",
              "lens_model": "iPhone 17 Pro Max back triple camera 2.22mm f/2.2",
              "software": "26.0.1",
              "device_id": "3B5890F7-6250-4834-8E5D-4926FCCC5F78",
              "scene_type": 1,
              "camera_position": "front",
              "lens_make": "Apple",
              "date_time_digitized": "2025:10:04 13:30:25",
              "date_time_original": "2025:10:04 13:30:25",
              "source_type": "library",
              "aperture": "2.2750071083309638",
              "shutter_speed": "7.937922506183018",
              "metering_mode": "5"
            }
          ]
        },
        "camera_metadata": {
          "has_camera_metadata": true
        }
      },
      "title": "",
      "cross_post_source": {
        "source_app": "FB"
      }
    },
    {
      "uri": "media/stories/202511/18084742165989020.jpg",
      "creation_timestamp": 1763052712,
      "media_metadata": {
        "photo_metadata": {
          "exif_data": [
            {
              "iso": 800,
              "focal_length": "6.86",
              "lens_model": "iPhone 14 Pro back triple camera 6.86mm f/1.78",
              "software": "26.0.1",
              "device_id": "3B5890F7-6250-4834-8E5D-4926FCCC5F78",
              "scene_type": 1,
              "camera_position": "back",
              "lens_make": "Apple",
              "date_time_digitized": "2025:11:13 11:35:39",
              "date_time_original": "2025:11:13 11:35:39",
              "source_type": "library",
              "aperture": "1.663754482562451",
              "shutter_speed": "5.367002246443132",
              "metering_mode": "5"
            }
          ]
        },
        "camera_metadata": {
          "has_camera_metadata": true
        }
      },
      "title": "",
      "cross_post_source": {
        "source_app": "FB"
      }
    },
    {
      "uri": "media/stories/202511/17967702026980541.mp4",
      "creation_timestamp": 1762368735,
      "media_metadata": {
        "video_metadata": {
          "music_genre": "Classic Vocal Pop Music, Easy Listening Music, Pop Music",
          "exif_data": [
            {
              "device_id": "3B5890F7-6250-4834-8E5D-4926FCCC5F78",
              "camera_position": "unknown",
              "source_type": "feed_reshare"
            }
          ]
        },
        "camera_metadata": {
          "has_camera_metadata": false
        }
      },
      "title": "",
      "cross_post_source": {
        "source_app": "FB"
      },
      "dubbing_info": [
        
      ],
      "media_variants": [
        
      ]
    },
    {
      "uri": "media/stories/202511/17855807856506082.mp4",
      "creation_timestamp": 1762365970,
      "media_metadata": {
        "video_metadata": {
          "exif_data": [
            {
              "device_id": "3B5890F7-6250-4834-8E5D-4926FCCC5F78",
              "camera_position": "unknown",
              "source_type": "feed_reshare"
            }
          ]
        },
        "camera_metadata": {
          "has_camera_metadata": false
        }
      },
      "title": "",
      "cross_post_source": {
        "source_app": "FB"
      },
      "dubbing_info": [
        
      ],
      "media_variants": [
        
      ]
    },
    {
      "uri": "media/stories/202511/17979559757923994.jpg",
      "creation_timestamp": 1762365940,
      "media_metadata": {
        "photo_metadata": {
          "exif_data": [
            {
              "device_id": "3B5890F7-6250-4834-8E5D-4926FCCC5F78",
              "camera_position": "unknown",
              "source_type": "feed_reshare"
            }
          ]
        },
        "camera_metadata": {
          "has_camera_metadata": false
        }
      },
      "title": "",
      "cross_post_source": {
        "source_app": "FB"
      }
    },
    {
      "uri": "media/stories/202511/18008093867814139.mp4",
      "creation_timestamp": 1762011203,
      "media_metadata": {
        "video_metadata": {
          "exif_data": [
            {
              "device_id": "3B5890F7-6250-4834-8E5D-4926FCCC5F78",
              "camera_position": "front",
              "source_type": "library"
            }
          ]
        },
        "camera_metadata": {
          "has_camera_metadata": false
        }
      },
      "title": "",
      "cross_post_source": {
        "source_app": "FB"
      },
      "dubbing_info": [
        
      ],
      "media_variants": [
        
      ]
    },
    {
      "uri": "media/stories/202510/18065148650342833.jpg",
      "creation_timestamp": 1761578998,
      "media_metadata": {
        "photo_metadata": {
          "exif_data": [
            {
              "scene_capture_type": "standard",
              "device_id": "3B5890F7-6250-4834-8E5D-4926FCCC5F78",
              "camera_position": "front",
              "source_type": "library"
            }
          ]
        },
        "camera_metadata": {
          "has_camera_metadata": false
        }
      },
      "title": "",
      "cross_post_source": {
        "source_app": "FB"
      }
    },
    {
      "uri": "media/stories/202510/18108884032574562.jpg",
      "creation_timestamp": 1759941995,
      "media_metadata": {
        "photo_metadata": {
          "exif_data": [
            {
              "iso": 1250,
              "focal_length": "6.86",
              "lens_model": "iPhone 14 Pro back triple camera 6.86mm f/1.78",
              "software": "18.6.2",
              "device_id": "3B5890F7-6250-4834-8E5D-4926FCCC5F78",
              "scene_type": 1,
              "camera_position": "back",
              "lens_make": "Apple",
              "date_time_digitized": "2025:10:05 21:13:29",
              "date_time_original": "2025:10:05 21:13:29",
              "source_type": "library",
              "aperture": "1.6637544824637274",
              "shutter_speed": "4.8188440071894805",
              "metering_mode": "3"
            }
          ]
        },
        "camera_metadata": {
          "has_camera_metadata": true
        }
      },
      "title": "",
      "cross_post_source": {
        "source_app": "FB"
      }
    },
    {
      "uri": "media/stories/202510/18047737229657872.mp4",
      "creation_timestamp": 1759940455,
      "media_metadata": {
        "video_metadata": {
          "exif_data": [
            {
              "device_id": "3B5890F7-6250-4834-8E5D-4926FCCC5F78",
              "camera_position": "back",
              "source_type": "library"
            }
          ]
        },
        "camera_metadata": {
          "has_camera_metadata": true
        }
      },
      "title": "Bury me with this car",
      "cross_post_source": {
        "source_app": "FB"
      },
      "dubbing_info": [
        
      ],
      "media_variants": [
        
      ]
    },
    {
      "uri": "media/stories/202510/17843351982582262.jpg",
      "creation_timestamp": 1759534051,
      "media_metadata": {
        "photo_metadata": {
          "exif_data": [
            {
              "iso": 200,
              "focal_length": "6.86",
              "lens_model": "iPhone 14 Pro back triple camera 6.86mm f/1.78",
              "software": "18.6.2",
              "device_id": "3B5890F7-6250-4834-8E5D-4926FCCC5F78",
              "scene_type": 1,
              "camera_position": "back",
              "lens_make": "Apple",
              "date_time_digitized": "2025:10:03 16:27:28",
              "date_time_original": "2025:10:03 16:27:28",
              "source_type": "camera",
              "aperture": "1.6637544823833461",
              "shutter_speed": "5.321870388239852",
              "metering_mode": "5"
            }
          ]
        },
        "camera_metadata": {
          "has_camera_metadata": true
        }
      },
      "title": "",
      "cross_post_source": {
        "source_app": "FB"
      }
    },
    {
      "uri": "media/stories/202510/17904317400127838.jpg",
      "creation_timestamp": 1759532010,
      "media_metadata": {
        "photo_metadata": {
          "exif_data": [
            {
              "iso": 250,
              "focal_length": "6.86",
              "lens_model": "iPhone 14 Pro back triple camera 6.86mm f/1.78",
              "software": "18.6.2",
              "device_id": "3B5890F7-6250-4834-8E5D-4926FCCC5F78",
              "scene_type": 1,
              "camera_position": "back",
              "lens_make": "Apple",
              "date_time_digitized": "2025:10:03 15:53:00",
              "date_time_original": "2025:10:03 15:53:00",
              "source_type": "library",
              "aperture": "1.6637544824637274",
              "shutter_speed": "6.420557215981312",
              "metering_mode": "5"
            }
          ]
        },
        "camera_metadata": {
          "has_camera_metadata": true
        }
      },
      "title": "",
      "cross_post_source": {
        "source_app": "FB"
      }
    },
    {
      "uri": "media/stories/202510/18075325280130155.jpg",
      "creation_timestamp": 1759532003,
      "media_metadata": {
        "photo_metadata": {
          "exif_data": [
            {
              "iso": 40,
              "focal_length": "2.22",
              "lens_model": "iPhone 14 Pro back triple camera 2.22mm f/2.2",
              "software": "18.6.2",
              "device_id": "3B5890F7-6250-4834-8E5D-4926FCCC5F78",
              "scene_type": 1,
              "camera_position": "back",
              "lens_make": "Apple",
              "date_time_digitized": "2025:10:03 15:45:45",
              "date_time_original": "2025:10:03 15:45:45",
              "source_type": "library",
              "aperture": "2.2750070475474535",
              "shutter_speed": "9.76164356238157",
              "metering_mode": "5"
            }
          ]
        },
        "camera_metadata": {
          "has_camera_metadata": true
        }
      },
      "title": "",
      "cross_post_source": {
        "source_app": "FB"
      }
    },
    {
      "uri": "media/stories/202509/18028021310724749.mp4",
      "creation_timestamp": 1758137622,
      "media_metadata": {
        "video_metadata": {
          "exif_data": [
            {
              "device_id": "3B5890F7-6250-4834-8E5D-4926FCCC5F78",
              "camera_position": "front",
              "source_type": "library"
            }
          ]
        },
        "camera_metadata": {
          "has_camera_metadata": true
        }
      },
      "title": "",
      "cross_post_source": {
        "source_app": "FB"
      },
      "dubbing_info": [
        
      ],
      "media_variants": [
        
      ]
    },
    {
      "uri": "media/stories/202509/18476281345072096.jpg",
      "creation_timestamp": 1757617033,
      "media_metadata": {
        "photo_metadata": {
          "exif_data": [
            {
              "device_id": "3B5890F7-6250-4834-8E5D-4926FCCC5F78",
              "camera_position": "unknown",
              "source_type": "feed_reshare"
            }
          ]
        },
        "camera_metadata": {
          "has_camera_metadata": false
        }
      },
      "title": "",
      "cross_post_source": {
        "source_app": "FB"
      }
    },
    {
      "uri": "media/stories/202509/17890408692199430.jpg",
      "creation_timestamp": 1757616488,
      "media_metadata": {
        "photo_metadata": {
          "exif_data": [
            {
              "device_id": "3B5890F7-6250-4834-8E5D-4926FCCC5F78",
              "camera_position": "unknown",
              "source_type": "feed_reshare"
            }
          ]
        },
        "camera_metadata": {
          "has_camera_metadata": false
        }
      },
      "title": "",
      "cross_post_source": {
        "source_app": "FB"
      }
    },
    {
      "uri": "media/stories/202509/17931877599007384.mp4",
      "creation_timestamp": 1757548373,
      "media_metadata": {
        "video_metadata": {
          "exif_data": [
            {
              "device_id": "3B5890F7-6250-4834-8E5D-4926FCCC5F78",
              "camera_position": "front",
              "source_type": "library"
            }
          ]
        },
        "camera_metadata": {
          "has_camera_metadata": false
        }
      },
      "title": "",
      "cross_post_source": {
        "source_app": "FB"
      },
      "dubbing_info": [
        
      ],
      "media_variants": [
        
      ]
    },
    {
      "uri": "media/stories/202508/18093740071632902.jpg",
      "creation_timestamp": 1756267439,
      "media_metadata": {
        "photo_metadata": {
          "exif_data": [
            {
              "iso": 80,
              "focal_length": "6.86",
              "lens_model": "iPhone 14 Pro back triple camera 6.86mm f/1.78",
              "software": "18.5",
              "device_id": "3B5890F7-6250-4834-8E5D-4926FCCC5F78",
              "scene_type": 1,
              "camera_position": "front",
              "lens_make": "Apple",
              "date_time_digitized": "2025:08:13 13:55:11",
              "date_time_original": "2025:08:13 13:55:11",
              "source_type": "library",
              "aperture": "1.6637544824637274",
              "shutter_speed": "11.105020080321285",
              "metering_mode": "5"
            }
          ]
        },
        "camera_metadata": {
          "has_camera_metadata": true
        }
      },
      "title": "",
      "cross_post_source": {
        "source_app": "FB"
      }
    },
    {
      "uri": "media/stories/202508/17854836669486688.jpg",
      "creation_timestamp": 1754423648,
      "media_metadata": {
        "photo_metadata": {
          "exif_data": [
            {
              "device_id": "3B5890F7-6250-4834-8E5D-4926FCCC5F78",
              "camera_position": "unknown",
              "date_time_original": "2025:08:05 12:52:16",
              "source_type": "library"
            }
          ]
        },
        "camera_metadata": {
          "has_camera_metadata": false
        }
      },
      "title": "@tavaf9  Happy birthday \n  22 baby",
      "cross_post_source": {
        "source_app": "FB"
      }
    },
    {
      "uri": "media/stories/202507/18044697647539171.mp4",
      "creation_timestamp": 1751395336,
      "media_metadata": {
        "video_metadata": {
          "exif_data": [
            {
              "device_id": "3B5890F7-6250-4834-8E5D-4926FCCC5F78",
              "camera_position": "back",
              "source_type": "library"
            }
          ]
        },
        "camera_metadata": {
          "has_camera_metadata": true
        }
      },
      "title": "",
      "cross_post_source": {
        "source_app": "FB"
      },
      "dubbing_info": [
        
      ],
      "media_variants": [
        
      ]
    },
    {
      "uri": "media/stories/202506/17848433679468315.mp4",
      "creation_timestamp": 1751130492,
      "media_metadata": {
        "video_metadata": {
          "exif_data": [
            {
              "device_id": "3B5890F7-6250-4834-8E5D-4926FCCC5F78",
              "camera_position": "unknown",
              "source_type": "feed_reshare"
            }
          ]
        },
        "camera_metadata": {
          "has_camera_metadata": false
        }
      },
      "title": "",
      "cross_post_source": {
        "source_app": "FB"
      },
      "dubbing_info": [
        
      ],
      "media_variants": [
        
      ]
    },
    {
      "uri": "media/stories/202506/18512808250050680.jpg",
      "creation_timestamp": 1750972580,
      "media_metadata": {
        "photo_metadata": {
          "exif_data": [
            {
              "iso": 80,
              "focal_length": "6.86",
              "lens_model": "iPhone 14 Pro back triple camera 6.86mm f/1.78",
              "software": "18.5",
              "device_id": "3B5890F7-6250-4834-8E5D-4926FCCC5F78",
              "scene_type": 1,
              "camera_position": "back",
              "lens_make": "Apple",
              "date_time_digitized": "2025:06:26 13:43:02",
              "date_time_original": "2025:06:26 13:43:02",
              "source_type": "library",
              "aperture": "1.6637544824637274",
              "shutter_speed": "10.903662575491914",
              "metering_mode": "5"
            }
          ]
        },
        "camera_metadata": {
          "has_camera_metadata": true
        }
      },
      "title": "",
      "cross_post_source": {
        "source_app": "FB"
      }
    },
    {
      "uri": "media/stories/202506/17849409282487623.jpg",
      "creation_timestamp": 1750356745,
      "media_metadata": {
        "photo_metadata": {
          "exif_data": [
            {
              "lens_model": "iPhone 14 Pro front FaceTime camera",
              "device_id": "3B5890F7-6250-4834-8E5D-4926FCCC5F78",
              "camera_position": "back",
              "lens_make": "Apple",
              "source_type": "library"
            }
          ]
        },
        "camera_metadata": {
          "has_camera_metadata": true
        }
      },
      "title": "",
      "cross_post_source": {
        "source_app": "FB"
      }
    },
    {
      "uri": "media/stories/202506/18058618025218367.jpg",
      "creation_timestamp": 1750356732,
      "media_metadata": {
        "photo_metadata": {
          "exif_data": [
            {
              "iso": 2500,
              "focal_length": "2.22",
              "lens_model": "iPhone 14 Pro back triple camera 2.22mm f/2.2",
              "software": "18.5",
              "device_id": "3B5890F7-6250-4834-8E5D-4926FCCC5F78",
              "scene_type": 1,
              "camera_position": "back",
              "lens_make": "Apple",
              "date_time_digitized": "2025:06:18 12:40:38",
              "date_time_original": "2025:06:18 12:40:38",
              "source_type": "library",
              "aperture": "2.2750070475474535",
              "shutter_speed": "4.907121443520561",
              "metering_mode": "5"
            }
          ]
        },
        "camera_metadata": {
          "has_camera_metadata": true
        }
      },
      "title": "",
      "cross_post_source": {
        "source_app": "FB"
      }
    },
    {
      "uri": "media/stories/202506/18319186471230588.mp4",
      "creation_timestamp": 1750124278,
      "media_metadata": {
        "video_metadata": {
          "exif_data": [
            {
              "device_id": "3B5890F7-6250-4834-8E5D-4926FCCC5F78",
              "camera_position": "unknown",
              "source_type": "feed_reshare"
            }
          ]
        },
        "camera_metadata": {
          "has_camera_metadata": false
        }
      },
      "title": "",
      "cross_post_source": {
        "source_app": "FB"
      },
      "dubbing_info": [
        
      ],
      "media_variants": [
        
      ]
    },
    {
      "uri": "media/stories/202506/18514246111001910.jpg",
      "creation_timestamp": 1749404143,
      "media_metadata": {
        "photo_metadata": {
          "exif_data": [
            {
              "iso": 80,
              "focal_length": "6.764999865652793",
              "lens_model": "iPhone 16 Pro Max back triple camera 6.765mm f/1.78",
              "scene_capture_type": "standard",
              "software": "18.5",
              "device_id": "3B5890F7-6250-4834-8E5D-4926FCCC5F78",
              "scene_type": 1,
              "camera_position": "back",
              "lens_make": "Apple",
              "date_time_digitized": "2025:06:08 10:01:13",
              "date_time_original": "2025:06:08 10:01:13",
              "source_type": "library",
              "aperture": "1.6637544366004915",
              "shutter_speed": "9.973015853643654",
              "metering_mode": "5"
            }
          ]
        },
        "camera_metadata": {
          "has_camera_metadata": true
        }
      },
      "title": "",
      "cross_post_source": {
        "source_app": "FB"
      }
    },
    {
      "uri": "media/stories/202506/17983318112691853.jpg",
      "creation_timestamp": 1748990820,
      "media_metadata": {
        "photo_metadata": {
          "exif_data": [
            {
              "iso": 50,
              "focal_length": "5.7",
              "lens_model": "iPhone 14 back dual wide camera 5.7mm f/1.5",
              "software": "18.5",
              "device_id": "3B5890F7-6250-4834-8E5D-4926FCCC5F78",
              "scene_type": 1,
              "camera_position": "back",
              "lens_make": "Apple",
              "date_time_digitized": "2025:06:01 08:57:24",
              "date_time_original": "2025:06:01 08:57:24",
              "source_type": "library",
              "aperture": "1.1699250021066825",
              "shutter_speed": "12.376979723595278",
              "metering_mode": "5"
            }
          ]
        },
        "camera_metadata": {
          "has_camera_metadata": true
        }
      },
      "title": "",
      "cross_post_source": {
        "source_app": "FB"
      }
    },
    {
      "uri": "media/stories/202506/18029103605677776.jpg",
      "creation_timestamp": 1748795485,
      "media_metadata": {
        "photo_metadata": {
          "exif_data": [
            {
              "iso": 80,
              "focal_length": "6.86",
              "lens_model": "iPhone 14 Pro back triple camera 6.86mm f/1.78",
              "software": "18.5",
              "device_id": "3B5890F7-6250-4834-8E5D-4926FCCC5F78",
              "scene_type": 1,
              "camera_position": "back",
              "lens_make": "Apple",
              "date_time_digitized": "2025:06:01 08:57:06",
              "date_time_original": "2025:06:01 08:57:06",
              "source_type": "library",
              "aperture": "1.6637544824637274",
              "shutter_speed": "12.513716063348417",
              "metering_mode": "5"
            }
          ]
        },
        "camera_metadata": {
          "has_camera_metadata": true
        }
      },
      "title": "New whip",
      "cross_post_source": {
        "source_app": "FB"
      }
    },
    {
      "uri": "media/stories/202505/17896307124215088.jpg",
      "creation_timestamp": 1748528655,
      "media_metadata": {
        "photo_metadata": {
          "exif_data": [
            {
              "iso": 320,
              "focal_length": "6.86",
              "lens_model": "iPhone 14 Pro back triple camera 6.86mm f/1.78",
              "software": "18.3.2",
              "device_id": "3B5890F7-6250-4834-8E5D-4926FCCC5F78",
              "scene_type": 1,
              "camera_position": "back",
              "lens_make": "Apple",
              "date_time_digitized": "2025:04:20 10:49:20",
              "date_time_original": "2025:04:20 10:49:20",
              "source_type": "library",
              "aperture": "1.6637544824637274",
              "shutter_speed": "5.625435659126632",
              "metering_mode": "5"
            }
          ]
        },
        "camera_metadata": {
          "has_camera_metadata": true
        }
      },
      "title": "Happy birthday @e1lahickman  I love u",
      "cross_post_source": {
        "source_app": "FB"
      }
    },
    {
      "uri": "media/stories/202505/18075164821723965.jpg",
      "creation_timestamp": 1748528576,
      "media_metadata": {
        "photo_metadata": {
          "exif_data": [
            {
              "iso": 500,
              "focal_length": "6.86",
              "lens_model": "iPhone 14 Pro back triple camera 6.86mm f/1.78",
              "software": "18.2.1",
              "device_id": "3B5890F7-6250-4834-8E5D-4926FCCC5F78",
              "scene_type": 1,
              "camera_position": "back",
              "lens_make": "Apple",
              "date_time_digitized": "2025:01:25 22:27:31",
              "date_time_original": "2025:01:25 22:27:31",
              "source_type": "library",
              "aperture": "1.6637544824637274",
              "shutter_speed": "5.906342477805326",
              "metering_mode": "5"
            }
          ]
        },
        "camera_metadata": {
          "has_camera_metadata": true
        }
      },
      "title": "Happy birthday @e1lahickman  20!!!!!!!!!!!!!!!!!!!!!!!",
      "cross_post_source": {
        "source_app": "FB"
      }
    },
    {
      "uri": "media/stories/202505/18498763033022043.jpg",
      "creation_timestamp": 1746634450,
      "media_metadata": {
        "photo_metadata": {
          "exif_data": [
            {
              "iso": 200,
              "focal_length": "6.86",
              "lens_model": "iPhone 14 Pro back dual wide camera 6.86mm f/1.78",
              "software": "18.3.2",
              "device_id": "3B5890F7-6250-4834-8E5D-4926FCCC5F78",
              "scene_type": 1,
              "camera_position": "back",
              "lens_make": "Apple",
              "date_time_digitized": "2025:05:05 14:48:25",
              "date_time_original": "2025:05:05 14:48:25",
              "source_type": "library",
              "aperture": "1.663754482562451",
              "shutter_speed": "6.90677518232745",
              "metering_mode": "5"
            }
          ]
        },
        "camera_metadata": {
          "has_camera_metadata": true
        }
      },
      "title": "",
      "cross_post_source": {
        "source_app": "FB"
      }
    },
    {
      "uri": "media/stories/202505/18310706947232033.jpg",
      "creation_timestamp": 1746378834,
      "media_metadata": {
        "photo_metadata": {
          "exif_data": [
            {
              "device_id": "3B5890F7-6250-4834-8E5D-4926FCCC5F78",
              "camera_position": "back",
              "source_type": "library"
            }
          ]
        },
        "camera_metadata": {
          "has_camera_metadata": false
        }
      },
      "title": "Happy birthday to the best brother ever  @justintavaf",
      "cross_post_source": {
        "source_app": "FB"
      }
    },
    {
      "uri": "media/stories/202504/17870020311260473.mp4",
      "creation_timestamp": 1745853714,
      "media_metadata": {
        "video_metadata": {
          "exif_data": [
            {
              "device_id": "3B5890F7-6250-4834-8E5D-4926FCCC5F78",
              "camera_position": "unknown",
              "source_type": "feed_reshare"
            }
          ]
        },
        "camera_metadata": {
          "has_camera_metadata": false
        }
      },
      "title": "All these men should be in jail",
      "cross_post_source": {
        "source_app": "FB"
      },
      "dubbing_info": [
        
      ],
      "media_variants": [
        
      ]
    },
    {
      "uri": "media/stories/202504/18350238169157102.mp4",
      "creation_timestamp": 1745519883,
      "media_metadata": {
        "video_metadata": {
          "exif_data": [
            {
              "device_id": "3B5890F7-6250-4834-8E5D-4926FCCC5F78",
              "camera_position": "back",
              "source_type": "library"
            }
          ]
        },
        "camera_metadata": {
          "has_camera_metadata": true
        }
      },
      "title": "",
      "cross_post_source": {
        "source_app": "FB"
      },
      "dubbing_info": [
        
      ],
      "media_variants": [
        
      ]
    },
    {
      "uri": "media/stories/202504/18079925554741049.jpg",
      "creation_timestamp": 1745519776,
      "media_metadata": {
        "photo_metadata": {
          "exif_data": [
            {
              "lens_model": "iPhone 16 Pro Max front FaceTime camera",
              "device_id": "3B5890F7-6250-4834-8E5D-4926FCCC5F78",
              "camera_position": "back",
              "lens_make": "Apple",
              "source_type": "library"
            }
          ]
        },
        "camera_metadata": {
          "has_camera_metadata": true
        }
      },
      "title": "",
      "cross_post_source": {
        "source_app": "FB"
      }
    },
    {
      "uri": "media/stories/202504/18354864565151369.jpg",
      "creation_timestamp": 1744673783,
      "media_metadata": {
        "photo_metadata": {
          "exif_data": [
            {
              "iso": 1600,
              "focal_length": "2.22",
              "lens_model": "iPhone 14 Pro back triple camera 2.22mm f/2.2",
              "software": "18.3.2",
              "device_id": "3B5890F7-6250-4834-8E5D-4926FCCC5F78",
              "scene_type": 1,
              "camera_position": "back",
              "lens_make": "Apple",
              "date_time_digitized": "2025:04:14 18:09:02",
              "date_time_original": "2025:04:14 18:09:02",
              "source_type": "library",
              "aperture": "2.2750070475474535",
              "shutter_speed": "4.899178403755869",
              "metering_mode": "5"
            }
          ]
        },
        "camera_metadata": {
          "has_camera_metadata": true
        }
      },
      "title": "",
      "cross_post_source": {
        "source_app": "FB"
      }
    },
    {
      "uri": "media/stories/202504/18296346652174443.mp4",
      "creation_timestamp": 1743992731,
      "media_metadata": {
        "video_metadata": {
          "exif_data": [
            {
              "device_id": "3B5890F7-6250-4834-8E5D-4926FCCC5F78",
              "camera_position": "back",
              "source_type": "library"
            }
          ]
        },
        "camera_metadata": {
          "has_camera_metadata": false
        }
      },
      "title": "",
      "cross_post_source": {
        "source_app": "FB"
      },
      "dubbing_info": [
        
      ],
      "media_variants": [
        
      ]
    },
    {
      "uri": "media/stories/202503/18052265078196239.jpg",
      "creation_timestamp": 1743110373,
      "media_metadata": {
        "photo_metadata": {
          "exif_data": [
            {
              "device_id": "3B5890F7-6250-4834-8E5D-4926FCCC5F78",
              "camera_position": "front",
              "date_time_original": "2025:03:27 17:16:26",
              "source_type": "library"
            }
          ]
        },
        "camera_metadata": {
          "has_camera_metadata": false
        }
      },
      "title": "",
      "cross_post_source": {
        "source_app": "FB"
      }
    },
    {
      "uri": "media/stories/202503/17866065885351121.jpg",
      "creation_timestamp": 1742865454,
      "media_metadata": {
        "photo_metadata": {
          "exif_data": [
            {
              "device_id": "3B5890F7-6250-4834-8E5D-4926FCCC5F78",
              "camera_position": "front",
              "source_type": "library"
            }
          ]
        },
        "camera_metadata": {
          "has_camera_metadata": false
        }
      },
      "title": "Moments before disaster",
      "cross_post_source": {
        "source_app": "FB"
      }
    },
    {
      "uri": "media/stories/202503/18040326260191117.jpg",
      "creation_timestamp": 1742568701,
      "media_metadata": {
        "photo_metadata": {
          "exif_data": [
            {
              "iso": 320,
              "focal_length": "6.86",
              "lens_model": "iPhone 14 Pro back triple camera 6.86mm f/1.78",
              "software": "18.2.1",
              "device_id": "3B5890F7-6250-4834-8E5D-4926FCCC5F78",
              "scene_type": 1,
              "camera_position": "front",
              "lens_make": "Apple",
              "date_time_digitized": "2025:01:14 22:10:39",
              "date_time_original": "2025:01:14 22:10:39",
              "source_type": "library",
              "aperture": "1.6637544824637274",
              "shutter_speed": "5.914760282307131",
              "metering_mode": "3"
            }
          ]
        },
        "camera_metadata": {
          "has_camera_metadata": true
        }
      },
      "title": "",
      "cross_post_source": {
        "source_app": "FB"
      }
    },
    {
      "uri": "media/stories/202503/18019138595678923.jpg",
      "creation_timestamp": 1742517767,
      "media_metadata": {
        "photo_metadata": {
          "exif_data": [
            {
              "iso": 50,
              "focal_length": "5.1",
              "lens_model": "iPhone 13 mini back dual wide camera 5.1mm f/1.6",
              "software": "17.6.1",
              "device_id": "3B5890F7-6250-4834-8E5D-4926FCCC5F78",
              "scene_type": 1,
              "camera_position": "front",
              "lens_make": "Apple",
              "date_time_digitized": "2025:02:06 09:22:57",
              "date_time_original": "2025:02:06 09:22:57",
              "source_type": "library",
              "aperture": "1.3561438092556088",
              "shutter_speed": "8.585054832950778",
              "metering_mode": "5"
            }
          ]
        },
        "camera_metadata": {
          "has_camera_metadata": true
        }
      },
      "title": "",
      "cross_post_source": {
        "source_app": "FB"
      }
    },
    {
      "uri": "media/stories/202503/18030692183335452.jpg",
      "creation_timestamp": 1742079064,
      "media_metadata": {
        "photo_metadata": {
          "exif_data": [
            {
              "iso": 40,
              "focal_length": "2.22",
              "lens_model": "iPhone 14 Pro back triple camera 2.22mm f/2.2",
              "software": "18.3.1",
              "device_id": "3B5890F7-6250-4834-8E5D-4926FCCC5F78",
              "scene_type": 1,
              "camera_position": "front",
              "lens_make": "Apple",
              "date_time_digitized": "2025:03:09 11:50:10",
              "date_time_original": "2025:03:09 11:50:10",
              "source_type": "library",
              "aperture": "2.2750070475474535",
              "shutter_speed": "7.617835226530879",
              "metering_mode": "5"
            }
          ]
        },
        "camera_metadata": {
          "has_camera_metadata": true
        }
      },
      "title": "",
      "cross_post_source": {
        "source_app": "FB"
      }
    },
    {
      "uri": "media/stories/202503/18346948852146623.jpg",
      "creation_timestamp": 1741976562,
      "media_metadata": {
        "photo_metadata": {
          "exif_data": [
            {
              "iso": 1600,
              "focal_length": "9",
              "lens_model": "iPhone 14 Pro back triple camera 9mm f/2.8",
              "software": "18.3.1",
              "device_id": "3B5890F7-6250-4834-8E5D-4926FCCC5F78",
              "scene_type": 1,
              "camera_position": "front",
              "lens_make": "Apple",
              "date_time_digitized": "2025:03:12 22:57:30",
              "date_time_original": "2025:03:12 22:57:30",
              "source_type": "library",
              "aperture": "2.970853653853539",
              "shutter_speed": "4.321928091663374",
              "metering_mode": "5"
            }
          ]
        },
        "camera_metadata": {
          "has_camera_metadata": true
        }
      },
      "title": "Fuck the La marathon I fucking hate that shit it's actually so stupid  I need to leave 3 hours early for my flight cause if this stupid marathon blocking half the city",
      "cross_post_source": {
        "source_app": "FB"
      }
    },
    {
      "uri": "media/stories/202503/18060531881313982.jpg",
      "creation_timestamp": 1741805354,
      "media_metadata": {
        "photo_metadata": {
          "exif_data": [
            {
              "iso": 800,
              "focal_length": "6.86",
              "lens_model": "iPhone 14 Pro back triple camera 6.86mm f/1.78",
              "software": "18.3.1",
              "device_id": "3B5890F7-6250-4834-8E5D-4926FCCC5F78",
              "scene_type": 1,
              "camera_position": "front",
              "lens_make": "Apple",
              "date_time_digitized": "2025:03:12 11:43:10",
              "date_time_original": "2025:03:12 11:43:10",
              "source_type": "library",
              "aperture": "1.6637544824637274",
              "shutter_speed": "5.906342477805326",
              "metering_mode": "5"
            }
          ]
        },
        "camera_metadata": {
          "has_camera_metadata": true
        }
      },
      "title": "",
      "cross_post_source": {
        "source_app": "FB"
      }
    },
    {
      "uri": "media/stories/202503/18159593149344355.mp4",
      "creation_timestamp": 1741802139,
      "media_metadata": {
        "video_metadata": {
          "exif_data": [
            {
              "device_id": "3B5890F7-6250-4834-8E5D-4926FCCC5F78",
              "camera_position": "front",
              "source_type": "library"
            }
          ]
        },
        "camera_metadata": {
          "has_camera_metadata": true
        }
      },
      "title": "I've been around  Drove this shit 100,000 miles",
      "cross_post_source": {
        "source_app": "FB"
      },
      "dubbing_info": [
        
      ],
      "media_variants": [
        
      ]
    },
    {
      "uri": "media/stories/202503/17859959985311509.mp4",
      "creation_timestamp": 1741717106,
      "media_metadata": {
        "video_metadata": {
          "exif_data": [
            {
              "device_id": "3B5890F7-6250-4834-8E5D-4926FCCC5F78",
              "camera_position": "unknown",
              "source_type": "feed_reshare"
            }
          ]
        },
        "camera_metadata": {
          "has_camera_metadata": false
        }
      },
      "title": "",
      "cross_post_source": {
        "source_app": "FB"
      },
      "dubbing_info": [
        
      ],
      "media_variants": [
        
      ]
    },
    {
      "uri": "media/stories/202503/18057779126045271.jpg",
      "creation_timestamp": 1741627864,
      "media_metadata": {
        "photo_metadata": {
          "exif_data": [
            {
              "iso": 500,
              "focal_length": "6.86",
              "lens_model": "iPhone 14 Pro back triple camera 6.86mm f/1.78",
              "software": "18.3.1",
              "device_id": "3B5890F7-6250-4834-8E5D-4926FCCC5F78",
              "scene_type": 1,
              "camera_position": "back",
              "lens_make": "Apple",
              "date_time_digitized": "2025:03:10 08:04:31",
              "date_time_original": "2025:03:10 08:04:31",
              "source_type": "library",
              "aperture": "1.6637544824637274",
              "shutter_speed": "5.906342477805326",
              "metering_mode": "3"
            }
          ]
        },
        "camera_metadata": {
          "has_camera_metadata": true
        }
      },
      "title": "",
      "cross_post_source": {
        "source_app": "FB"
      }
    },
    {
      "uri": "media/stories/202503/18056854744887282.jpg",
      "creation_timestamp": 1741576982,
      "media_metadata": {
        "photo_metadata": {
          "exif_data": [
            {
              "iso": 250,
              "focal_length": "6.86",
              "lens_model": "iPhone 14 Pro back triple camera 6.86mm f/1.78",
              "software": "18.3.1",
              "device_id": "3B5890F7-6250-4834-8E5D-4926FCCC5F78",
              "scene_type": 1,
              "camera_position": "back",
              "lens_make": "Apple",
              "date_time_digitized": "2025:03:09 11:44:55",
              "date_time_original": "2025:03:09 11:44:55",
              "source_type": "library",
              "aperture": "1.6637544824637274",
              "shutter_speed": "6.838976578411406",
              "metering_mode": "5"
            }
          ]
        },
        "camera_metadata": {
          "has_camera_metadata": true
        }
      },
      "title": "",
      "cross_post_source": {
        "source_app": "FB"
      }
    },
    {
      "uri": "media/stories/202503/18276662689250911.jpg",
      "creation_timestamp": 1741364701,
      "media_metadata": {
        "photo_metadata": {
          "exif_data": [
            {
              "device_id": "3B5890F7-6250-4834-8E5D-4926FCCC5F78",
              "camera_position": "unknown",
              "source_type": "feed_reshare"
            }
          ]
        },
        "camera_metadata": {
          "has_camera_metadata": false
        }
      },
      "title": "Holy fucking shit omg, I feel like a little girl I'm so happy this man is sitting in this shit",
      "cross_post_source": {
        "source_app": "FB"
      }
    },
    {
      "uri": "media/stories/202502/17921328429045054.mp4",
      "creation_timestamp": 1740511051,
      "media_metadata": {
        "video_metadata": {
          "exif_data": [
            {
              "device_id": "3B5890F7-6250-4834-8E5D-4926FCCC5F78",
              "camera_position": "unknown",
              "source_type": "feed_reshare"
            }
          ]
        },
        "camera_metadata": {
          "has_camera_metadata": false
        }
      },
      "title": "",
      "cross_post_source": {
        "source_app": "FB"
      },
      "dubbing_info": [
        
      ],
      "media_variants": [
        
      ]
    },
    {
      "uri": "media/stories/202502/18068372230856051.jpg",
      "creation_timestamp": 1740415396,
      "media_metadata": {
        "photo_metadata": {
          "exif_data": [
            {
              "device_id": "3B5890F7-6250-4834-8E5D-4926FCCC5F78",
              "camera_position": "back",
              "source_type": "library"
            }
          ]
        },
        "camera_metadata": {
          "has_camera_metadata": false
        }
      },
      "title": "",
      "cross_post_source": {
        "source_app": "FB"
      }
    },
    {
      "uri": "media/stories/202502/18041839154461129.jpg",
      "creation_timestamp": 1740414822,
      "media_metadata": {
        "photo_metadata": {
          "exif_data": [
            {
              "iso": 640,
              "focal_length": "6.86",
              "lens_model": "iPhone 14 Pro back triple camera 6.86mm f/1.78",
              "software": "18.3",
              "device_id": "3B5890F7-6250-4834-8E5D-4926FCCC5F78",
              "scene_type": 1,
              "camera_position": "back",
              "lens_make": "Apple",
              "date_time_digitized": "2025:02:16 20:31:12",
              "date_time_original": "2025:02:16 20:31:12",
              "source_type": "library",
              "aperture": "1.6637544824637274",
              "shutter_speed": "5.3217549817709635",
              "metering_mode": "5"
            }
          ]
        },
        "camera_metadata": {
          "has_camera_metadata": true
        }
      },
      "title": "007",
      "cross_post_source": {
        "source_app": "FB"
      }
    },
    {
      "uri": "media/stories/202502/18110250004413279.jpg",
      "creation_timestamp": 1739931894,
      "media_metadata": {
        "photo_metadata": {
          "exif_data": [
            {
              "device_id": "3B5890F7-6250-4834-8E5D-4926FCCC5F78",
              "camera_position": "unknown",
              "source_type": "feed_reshare"
            }
          ]
        },
        "camera_metadata": {
          "has_camera_metadata": false
        }
      },
      "title": "To",
      "cross_post_source": {
        "source_app": "FB"
      }
    },
    {
      "uri": "media/stories/202502/18067139761857880.jpg",
      "creation_timestamp": 1739530778,
      "media_metadata": {
        "photo_metadata": {
          "exif_data": [
            {
              "iso": 250,
              "focal_length": "6.86",
              "lens_model": "iPhone 14 Pro back triple camera 6.86mm f/1.78",
              "software": "16.2",
              "device_id": "3B5890F7-6250-4834-8E5D-4926FCCC5F78",
              "scene_type": 1,
              "camera_position": "front",
              "lens_make": "Apple",
              "date_time_digitized": "2025:02:01 17:12:03",
              "date_time_original": "2025:02:01 17:12:03",
              "source_type": "library",
              "aperture": "1.663754482562451",
              "shutter_speed": "5.914760286900718",
              "metering_mode": "3"
            }
          ]
        },
        "camera_metadata": {
          "has_camera_metadata": true
        }
      },
      "title": "Happy Valentine's Day\n @e1lahickman",
      "cross_post_source": {
        "source_app": "FB"
      }
    },
    {
      "uri": "media/stories/202502/18076713184725015.jpg",
      "creation_timestamp": 1739476190,
      "media_metadata": {
        "photo_metadata": {
          "exif_data": [
            {
              "device_id": "3B5890F7-6250-4834-8E5D-4926FCCC5F78",
              "camera_position": "front",
              "date_time_original": "2024:11:02 22:57:58",
              "source_type": "library"
            }
          ]
        },
        "camera_metadata": {
          "has_camera_metadata": false
        }
      },
      "title": "",
      "cross_post_source": {
        "source_app": "FB"
      }
    }
  ]
}