{
  "story_activities_polls": [
    {
      "title": "fedora.kong",
      "string_list_data": [
        {
          "value": "Yes",
          "timestamp": 1770258057
        }
      ]
    },
    {
      "title": "fedora.kong",
      "string_list_data": [
        {
          "value": "No",
          "timestamp": 1769708387
        }
      ]
    },
    {
      "title": "viviannfung",
      "string_list_data": [
        {
          "value": "No",
          "timestamp": 1769572425
        }
      ]
    },
    {
      "title": "jillianbrander",
      "string_list_data": [
        {
          "value": "Yes",
          "timestamp": 1758901625
        }
      ]
    },
    {
      "title": "heads_studio",
      "string_list_data": [
        {
          "value": "1 payment",
          "timestamp": 1755223973
        }
      ]
    },
    {
      "title": "heads_studio",
      "string_list_data": [
        {
          "value": "Yes",
          "timestamp": 1753565510
        }
      ]
    },
    {
      "title": "dangitproductions",
      "string_list_data": [
        {
          "value": "Yes",
          "timestamp": 1752779661
        }
      ]
    },
    {
      "title": "dangitproductions",
      "string_list_data": [
        {
          "value": "Yes",
          "timestamp": 1752779655
        }
      ]
    },
    {
      "title": "tjpalmaa",
      "string_list_data": [
        {
          "value": "Yes",
          "timestamp": 1752322976
        }
      ]
    },
    {
      "title": "gits_and_shiggles123",
      "string_list_data": [
        {
          "value": "Yes",
          "timestamp": 1749872221
        }
      ]
    },
    {
      "title": "doof.closet",
      "string_list_data": [
        {
          "value": "Yes",
          "timestamp": 1748524500
        }
      ]
    },
    {
      "title": "brentgrey",
      "string_list_data": [
        {
          "value": "Yes",
          "timestamp": 1743179016
        }
      ]
    }
  ]
}