{
  "story_activities_questions": [
    {
      "title": "minimalmaru",
      "media_list_data": [
        
      ],
      "string_list_data": [
        {
          "href": "",
          "value": "",
          "timestamp": 1758902149
        }
      ]
    },
    {
      "title": "cierra.ortega",
      "media_list_data": [
        
      ],
      "string_list_data": [
        {
          "href": "",
          "value": "",
          "timestamp": 1752721922
        }
      ]
    },
    {
      "title": "cierra.ortega",
      "media_list_data": [
        
      ],
      "string_list_data": [
        {
          "href": "",
          "value": "",
          "timestamp": 1752721880
        }
      ]
    }
  ]
}