{
  "story_activities_story_likes": [
    {
      "title": "garrett.ferrara",
      "string_list_data": [
        {
          "timestamp": 1770524470
        }
      ]
    },
    {
      "title": "annietavaf",
      "string_list_data": [
        {
          "timestamp": 1770524426
        }
      ]
    },
    {
      "title": "justintavaf",
      "string_list_data": [
        {
          "timestamp": 1770524418
        }
      ]
    },
    {
      "title": "mal4z",
      "string_list_data": [
        {
          "timestamp": 1770476926
        }
      ]
    },
    {
      "title": "noahmonjazeb",
      "string_list_data": [
        {
          "timestamp": 1770400489
        }
      ]
    },
    {
      "title": "ava.lowe",
      "string_list_data": [
        {
          "timestamp": 1770392487
        }
      ]
    },
    {
      "title": "annamonjazeb",
      "string_list_data": [
        {
          "timestamp": 1770347991
        }
      ]
    },
    {
      "title": "lilycollias",
      "string_list_data": [
        {
          "timestamp": 1770347982
        }
      ]
    },
    {
      "title": "fedora.kong",
      "string_list_data": [
        {
          "timestamp": 1770335532
        }
      ]
    },
    {
      "title": "fedora.kong",
      "string_list_data": [
        {
          "timestamp": 1770329611
        }
      ]
    },
    {
      "title": "ava.lowe",
      "string_list_data": [
        {
          "timestamp": 1770258361
        }
      ]
    },
    {
      "title": "melisacollect",
      "string_list_data": [
        {
          "timestamp": 1770258340
        }
      ]
    },
    {
      "title": "calebodalaigh",
      "string_list_data": [
        {
          "timestamp": 1770213104
        }
      ]
    },
    {
      "title": "nickrruch",
      "string_list_data": [
        {
          "timestamp": 1770213084
        }
      ]
    },
    {
      "title": "lilycollias",
      "string_list_data": [
        {
          "timestamp": 1770213049
        }
      ]
    },
    {
      "title": "lilycollias",
      "string_list_data": [
        {
          "timestamp": 1770213048
        }
      ]
    },
    {
      "title": "ellamodes",
      "string_list_data": [
        {
          "timestamp": 1770213033
        }
      ]
    },
    {
      "title": "tavaf9",
      "string_list_data": [
        {
          "timestamp": 1770149600
        }
      ]
    },
    {
      "title": "viviannfung",
      "string_list_data": [
        {
          "timestamp": 1770130150
        }
      ]
    },
    {
      "title": "lucavalentine._",
      "string_list_data": [
        {
          "timestamp": 1770044933
        }
      ]
    },
    {
      "title": "tavaf9",
      "string_list_data": [
        {
          "timestamp": 1770000145
        }
      ]
    },
    {
      "title": "sakuraamano",
      "string_list_data": [
        {
          "timestamp": 1769965676
        }
      ]
    },
    {
      "title": "annietavaf",
      "string_list_data": [
        {
          "timestamp": 1769888816
        }
      ]
    },
    {
      "title": "justintavaf",
      "string_list_data": [
        {
          "timestamp": 1769888813
        }
      ]
    },
    {
      "title": "karsynfaheyy",
      "string_list_data": [
        {
          "timestamp": 1769808061
        }
      ]
    },
    {
      "title": "viviannfung",
      "string_list_data": [
        {
          "timestamp": 1769808054
        }
      ]
    },
    {
      "title": "fedora.kong",
      "string_list_data": [
        {
          "timestamp": 1769718260
        }
      ]
    },
    {
      "title": "elimeyuhas",
      "string_list_data": [
        {
          "timestamp": 1769715384
        }
      ]
    },
    {
      "title": "ri.jursa",
      "string_list_data": [
        {
          "timestamp": 1769712334
        }
      ]
    },
    {
      "title": "heyitsmesina",
      "string_list_data": [
        {
          "timestamp": 1769712324
        }
      ]
    },
    {
      "title": "ari.daniayle",
      "string_list_data": [
        {
          "timestamp": 1769699469
        }
      ]
    },
    {
      "title": "_jackforster",
      "string_list_data": [
        {
          "timestamp": 1769529548
        }
      ]
    },
    {
      "title": "samuelhcollier",
      "string_list_data": [
        {
          "timestamp": 1769529533
        }
      ]
    },
    {
      "title": "samuelhcollier",
      "string_list_data": [
        {
          "timestamp": 1769529531
        }
      ]
    },
    {
      "title": "jackie_mednick",
      "string_list_data": [
        {
          "timestamp": 1769438386
        }
      ]
    },
    {
      "title": "annamonjazeb",
      "string_list_data": [
        {
          "timestamp": 1769363071
        }
      ]
    },
    {
      "title": "annamonjazeb",
      "string_list_data": [
        {
          "timestamp": 1769363069
        }
      ]
    },
    {
      "title": "annamonjazeb",
      "string_list_data": [
        {
          "timestamp": 1769363067
        }
      ]
    },
    {
      "title": "calebodalaigh",
      "string_list_data": [
        {
          "timestamp": 1769361485
        }
      ]
    },
    {
      "title": "luca.s.delorenzo",
      "string_list_data": [
        {
          "timestamp": 1769361482
        }
      ]
    },
    {
      "title": "mk4don",
      "string_list_data": [
        {
          "timestamp": 1769360858
        }
      ]
    },
    {
      "title": "tammytag",
      "string_list_data": [
        {
          "timestamp": 1769360835
        }
      ]
    },
    {
      "title": "noahmonjazeb",
      "string_list_data": [
        {
          "timestamp": 1769209820
        }
      ]
    },
    {
      "title": "justintavaf",
      "string_list_data": [
        {
          "timestamp": 1769202844
        }
      ]
    },
    {
      "title": "fedora.kong",
      "string_list_data": [
        {
          "timestamp": 1769201903
        }
      ]
    },
    {
      "title": "kierandinho",
      "string_list_data": [
        {
          "timestamp": 1769179985
        }
      ]
    },
    {
      "title": "dylan_hanvey",
      "string_list_data": [
        {
          "timestamp": 1769044380
        }
      ]
    },
    {
      "title": "jean3hunna",
      "string_list_data": [
        {
          "timestamp": 1769044373
        }
      ]
    },
    {
      "title": "viviannfung",
      "string_list_data": [
        {
          "timestamp": 1769034049
        }
      ]
    },
    {
      "title": "jetryden",
      "string_list_data": [
        {
          "timestamp": 1769030955
        }
      ]
    },
    {
      "title": "jetryden",
      "string_list_data": [
        {
          "timestamp": 1769011269
        }
      ]
    },
    {
      "title": "justintavaf",
      "string_list_data": [
        {
          "timestamp": 1768967381
        }
      ]
    },
    {
      "title": "lilycollias",
      "string_list_data": [
        {
          "timestamp": 1768855080
        }
      ]
    },
    {
      "title": "llillianmarie",
      "string_list_data": [
        {
          "timestamp": 1768776233
        }
      ]
    },
    {
      "title": "justintavaf",
      "string_list_data": [
        {
          "timestamp": 1768776226
        }
      ]
    },
    {
      "title": "justintavaf",
      "string_list_data": [
        {
          "timestamp": 1768762604
        }
      ]
    },
    {
      "title": "annietavaf",
      "string_list_data": [
        {
          "timestamp": 1768712812
        }
      ]
    },
    {
      "title": "annamonjazeb",
      "string_list_data": [
        {
          "timestamp": 1768622439
        }
      ]
    },
    {
      "title": "lerelaisdevenise.newyork",
      "string_list_data": [
        {
          "timestamp": 1768622424
        }
      ]
    },
    {
      "title": "kendall__wood",
      "string_list_data": [
        {
          "timestamp": 1768622417
        }
      ]
    },
    {
      "title": "alexezhari",
      "string_list_data": [
        {
          "timestamp": 1768622393
        }
      ]
    },
    {
      "title": "ph55ny",
      "string_list_data": [
        {
          "timestamp": 1768585802
        }
      ]
    },
    {
      "title": "lilycollias",
      "string_list_data": [
        {
          "timestamp": 1768585751
        }
      ]
    },
    {
      "title": "alexezhari",
      "string_list_data": [
        {
          "timestamp": 1768249656
        }
      ]
    },
    {
      "title": "garrett.ferrara",
      "string_list_data": [
        {
          "timestamp": 1768161529
        }
      ]
    },
    {
      "title": "james.rusler",
      "string_list_data": [
        {
          "timestamp": 1768161522
        }
      ]
    },
    {
      "title": "lilycollias",
      "string_list_data": [
        {
          "timestamp": 1768161493
        }
      ]
    },
    {
      "title": "lilycollias",
      "string_list_data": [
        {
          "timestamp": 1768161479
        }
      ]
    },
    {
      "title": "deklyng",
      "string_list_data": [
        {
          "timestamp": 1768067763
        }
      ]
    },
    {
      "title": "annietavaf",
      "string_list_data": [
        {
          "timestamp": 1768010053
        }
      ]
    },
    {
      "title": "justintavaf",
      "string_list_data": [
        {
          "timestamp": 1768010052
        }
      ]
    },
    {
      "title": "karsynfaheyy",
      "string_list_data": [
        {
          "timestamp": 1767649574
        }
      ]
    },
    {
      "title": "mal4z",
      "string_list_data": [
        {
          "timestamp": 1767541625
        }
      ]
    },
    {
      "title": "jillianbrander",
      "string_list_data": [
        {
          "timestamp": 1767539899
        }
      ]
    },
    {
      "title": "roxymonsh",
      "string_list_data": [
        {
          "timestamp": 1767467490
        }
      ]
    },
    {
      "title": "rrrileystein",
      "string_list_data": [
        {
          "timestamp": 1767405102
        }
      ]
    },
    {
      "title": "viviannfung",
      "string_list_data": [
        {
          "timestamp": 1767316467
        }
      ]
    },
    {
      "title": "samuelhcollier",
      "string_list_data": [
        {
          "timestamp": 1767307319
        }
      ]
    },
    {
      "title": "justintavaf",
      "string_list_data": [
        {
          "timestamp": 1767243134
        }
      ]
    },
    {
      "title": "karsynfaheyy",
      "string_list_data": [
        {
          "timestamp": 1767120027
        }
      ]
    },
    {
      "title": "llillianmarie2",
      "string_list_data": [
        {
          "timestamp": 1767025392
        }
      ]
    },
    {
      "title": "mal4z",
      "string_list_data": [
        {
          "timestamp": 1766966872
        }
      ]
    },
    {
      "title": "justintavaf",
      "string_list_data": [
        {
          "timestamp": 1766941406
        }
      ]
    },
    {
      "title": "e1lahickman",
      "string_list_data": [
        {
          "timestamp": 1766728141
        }
      ]
    },
    {
      "title": "llillianmarie",
      "string_list_data": [
        {
          "timestamp": 1766694492
        }
      ]
    },
    {
      "title": "noahmonjazeb",
      "string_list_data": [
        {
          "timestamp": 1766694487
        }
      ]
    },
    {
      "title": "justintavaf",
      "string_list_data": [
        {
          "timestamp": 1766686847
        }
      ]
    },
    {
      "title": "hhaylah",
      "string_list_data": [
        {
          "timestamp": 1766677052
        }
      ]
    },
    {
      "title": "kendall__wood",
      "string_list_data": [
        {
          "timestamp": 1766676934
        }
      ]
    },
    {
      "title": "justintavaf",
      "string_list_data": [
        {
          "timestamp": 1766627368
        }
      ]
    },
    {
      "title": "e1lahickman",
      "string_list_data": [
        {
          "timestamp": 1766620628
        }
      ]
    },
    {
      "title": "e1lahickman",
      "string_list_data": [
        {
          "timestamp": 1766610129
        }
      ]
    },
    {
      "title": "spitandsnot",
      "string_list_data": [
        {
          "timestamp": 1766603780
        }
      ]
    },
    {
      "title": "viviannfung",
      "string_list_data": [
        {
          "timestamp": 1766551758
        }
      ]
    },
    {
      "title": "jillianbrander",
      "string_list_data": [
        {
          "timestamp": 1766446613
        }
      ]
    },
    {
      "title": "baystreetboards",
      "string_list_data": [
        {
          "timestamp": 1766430225
        }
      ]
    },
    {
      "title": "juliusuuriah",
      "string_list_data": [
        {
          "timestamp": 1766427185
        }
      ]
    },
    {
      "title": "annietavaf",
      "string_list_data": [
        {
          "timestamp": 1766381088
        }
      ]
    },
    {
      "title": "justintavaf",
      "string_list_data": [
        {
          "timestamp": 1766370434
        }
      ]
    },
    {
      "title": "samuelhcollier",
      "string_list_data": [
        {
          "timestamp": 1766335770
        }
      ]
    },
    {
      "title": "annietavaf",
      "string_list_data": [
        {
          "timestamp": 1766284227
        }
      ]
    },
    {
      "title": "karsynfaheyy",
      "string_list_data": [
        {
          "timestamp": 1766271328
        }
      ]
    },
    {
      "title": "viviannfung",
      "string_list_data": [
        {
          "timestamp": 1766164876
        }
      ]
    },
    {
      "title": "viviannfung",
      "string_list_data": [
        {
          "timestamp": 1766164872
        }
      ]
    },
    {
      "title": "ryan.ezhari",
      "string_list_data": [
        {
          "timestamp": 1766122640
        }
      ]
    },
    {
      "title": "gasparantl",
      "string_list_data": [
        {
          "timestamp": 1766082919
        }
      ]
    },
    {
      "title": "james.rusler",
      "string_list_data": [
        {
          "timestamp": 1766012670
        }
      ]
    },
    {
      "title": "garrett.ferrara",
      "string_list_data": [
        {
          "timestamp": 1765911154
        }
      ]
    },
    {
      "title": "garrett.ferrara",
      "string_list_data": [
        {
          "timestamp": 1765911147
        }
      ]
    },
    {
      "title": "justintavaf",
      "string_list_data": [
        {
          "timestamp": 1765911119
        }
      ]
    },
    {
      "title": "justintavaf",
      "string_list_data": [
        {
          "timestamp": 1765893298
        }
      ]
    },
    {
      "title": "tammytag",
      "string_list_data": [
        {
          "timestamp": 1765552540
        }
      ]
    },
    {
      "title": "melisacollect",
      "string_list_data": [
        {
          "timestamp": 1765521152
        }
      ]
    },
    {
      "title": "rubyccaroline",
      "string_list_data": [
        {
          "timestamp": 1765521129
        }
      ]
    },
    {
      "title": "ellamodes",
      "string_list_data": [
        {
          "timestamp": 1765521076
        }
      ]
    },
    {
      "title": "viviannfung",
      "string_list_data": [
        {
          "timestamp": 1765482919
        }
      ]
    },
    {
      "title": "fdfresh",
      "string_list_data": [
        {
          "timestamp": 1765482558
        }
      ]
    },
    {
      "title": "jackson_gardners_friend_luke",
      "string_list_data": [
        {
          "timestamp": 1765395262
        }
      ]
    },
    {
      "title": "viviannfung",
      "string_list_data": [
        {
          "timestamp": 1765393365
        }
      ]
    },
    {
      "title": "rayylodge",
      "string_list_data": [
        {
          "timestamp": 1765393363
        }
      ]
    },
    {
      "title": "maramirkin",
      "string_list_data": [
        {
          "timestamp": 1765391091
        }
      ]
    },
    {
      "title": "ava.lowe",
      "string_list_data": [
        {
          "timestamp": 1765390727
        }
      ]
    },
    {
      "title": "milesmnakamura",
      "string_list_data": [
        {
          "timestamp": 1765383544
        }
      ]
    },
    {
      "title": "garrett.ferrara",
      "string_list_data": [
        {
          "timestamp": 1765379673
        }
      ]
    },
    {
      "title": "lucavalentine._",
      "string_list_data": [
        {
          "timestamp": 1765300160
        }
      ]
    },
    {
      "title": "melisacollect",
      "string_list_data": [
        {
          "timestamp": 1765290215
        }
      ]
    },
    {
      "title": "karsynfaheyy",
      "string_list_data": [
        {
          "timestamp": 1765290121
        }
      ]
    },
    {
      "title": "guileg95",
      "string_list_data": [
        {
          "timestamp": 1765212493
        }
      ]
    },
    {
      "title": "mk4don",
      "string_list_data": [
        {
          "timestamp": 1765212483
        }
      ]
    },
    {
      "title": "garrett.ferrara",
      "string_list_data": [
        {
          "timestamp": 1765212461
        }
      ]
    },
    {
      "title": "izzabellaromano",
      "string_list_data": [
        {
          "timestamp": 1765171144
        }
      ]
    },
    {
      "title": "viviannfung",
      "string_list_data": [
        {
          "timestamp": 1765171122
        }
      ]
    },
    {
      "title": "rebekahraphling",
      "string_list_data": [
        {
          "timestamp": 1765132929
        }
      ]
    },
    {
      "title": "hhaylah",
      "string_list_data": [
        {
          "timestamp": 1765132053
        }
      ]
    },
    {
      "title": "katengaire",
      "string_list_data": [
        {
          "timestamp": 1765130958
        }
      ]
    },
    {
      "title": "_fayeyoungg",
      "string_list_data": [
        {
          "timestamp": 1765041088
        }
      ]
    },
    {
      "title": "mabel__sarah",
      "string_list_data": [
        {
          "timestamp": 1764957189
        }
      ]
    },
    {
      "title": "foiy.co.uk",
      "string_list_data": [
        {
          "timestamp": 1764957166
        }
      ]
    },
    {
      "title": "e1lahickman",
      "string_list_data": [
        {
          "timestamp": 1764897230
        }
      ]
    },
    {
      "title": "e1lahickman",
      "string_list_data": [
        {
          "timestamp": 1764897225
        }
      ]
    },
    {
      "title": "ellamodes",
      "string_list_data": [
        {
          "timestamp": 1764894156
        }
      ]
    },
    {
      "title": "ellamodes",
      "string_list_data": [
        {
          "timestamp": 1764894151
        }
      ]
    },
    {
      "title": "ellamodes",
      "string_list_data": [
        {
          "timestamp": 1764894148
        }
      ]
    },
    {
      "title": "garrett.ferrara",
      "string_list_data": [
        {
          "timestamp": 1764886971
        }
      ]
    },
    {
      "title": "karsynfaheyy",
      "string_list_data": [
        {
          "timestamp": 1764871495
        }
      ]
    },
    {
      "title": "alexezhari",
      "string_list_data": [
        {
          "timestamp": 1764823360
        }
      ]
    },
    {
      "title": "sylvizzi",
      "string_list_data": [
        {
          "timestamp": 1764788391
        }
      ]
    },
    {
      "title": "t2maggart",
      "string_list_data": [
        {
          "timestamp": 1764788345
        }
      ]
    },
    {
      "title": "alexezhari",
      "string_list_data": [
        {
          "timestamp": 1764788115
        }
      ]
    },
    {
      "title": "jetryden",
      "string_list_data": [
        {
          "timestamp": 1764761302
        }
      ]
    },
    {
      "title": "lerelaisdevenise.newyork",
      "string_list_data": [
        {
          "timestamp": 1764716343
        }
      ]
    },
    {
      "title": "e1lahickman",
      "string_list_data": [
        {
          "timestamp": 1764709277
        }
      ]
    },
    {
      "title": "lucavalentine._",
      "string_list_data": [
        {
          "timestamp": 1764692753
        }
      ]
    },
    {
      "title": "thefazeadapt",
      "string_list_data": [
        {
          "timestamp": 1764631168
        }
      ]
    },
    {
      "title": "sunnysuljic",
      "string_list_data": [
        {
          "timestamp": 1764631159
        }
      ]
    },
    {
      "title": "jackie_mednick",
      "string_list_data": [
        {
          "timestamp": 1764631151
        }
      ]
    },
    {
      "title": "chasecohenn",
      "string_list_data": [
        {
          "timestamp": 1764631134
        }
      ]
    },
    {
      "title": "heyitsmesina",
      "string_list_data": [
        {
          "timestamp": 1764627749
        }
      ]
    },
    {
      "title": "vaughn_jelks",
      "string_list_data": [
        {
          "timestamp": 1764616309
        }
      ]
    },
    {
      "title": "tammytag",
      "string_list_data": [
        {
          "timestamp": 1764616290
        }
      ]
    },
    {
      "title": "karsynfaheyy",
      "string_list_data": [
        {
          "timestamp": 1764553408
        }
      ]
    },
    {
      "title": "noahmonjazeb",
      "string_list_data": [
        {
          "timestamp": 1764553383
        }
      ]
    },
    {
      "title": "garrett.ferrara",
      "string_list_data": [
        {
          "timestamp": 1764403431
        }
      ]
    },
    {
      "title": "rrrileystein",
      "string_list_data": [
        {
          "timestamp": 1764388390
        }
      ]
    },
    {
      "title": "e1lahickman",
      "string_list_data": [
        {
          "timestamp": 1764294970
        }
      ]
    },
    {
      "title": "e1lahickman",
      "string_list_data": [
        {
          "timestamp": 1764294965
        }
      ]
    },
    {
      "title": "ciaga.jp",
      "string_list_data": [
        {
          "timestamp": 1764288430
        }
      ]
    },
    {
      "title": "ilianjarmache",
      "string_list_data": [
        {
          "timestamp": 1764286501
        }
      ]
    },
    {
      "title": "sakuraamano",
      "string_list_data": [
        {
          "timestamp": 1764282070
        }
      ]
    },
    {
      "title": "_amani.com_",
      "string_list_data": [
        {
          "timestamp": 1764277769
        }
      ]
    },
    {
      "title": "thomasdigaetano",
      "string_list_data": [
        {
          "timestamp": 1764277760
        }
      ]
    },
    {
      "title": "luka.lau_",
      "string_list_data": [
        {
          "timestamp": 1764277736
        }
      ]
    },
    {
      "title": "stevie.naysayer",
      "string_list_data": [
        {
          "timestamp": 1764261868
        }
      ]
    },
    {
      "title": "naomi_.gracie",
      "string_list_data": [
        {
          "timestamp": 1764189834
        }
      ]
    },
    {
      "title": "noor.memarzadeh",
      "string_list_data": [
        {
          "timestamp": 1764107734
        }
      ]
    },
    {
      "title": "izzabellaromano",
      "string_list_data": [
        {
          "timestamp": 1764107709
        }
      ]
    },
    {
      "title": "justintavaf",
      "string_list_data": [
        {
          "timestamp": 1764017466
        }
      ]
    },
    {
      "title": "tobernathy",
      "string_list_data": [
        {
          "timestamp": 1763961041
        }
      ]
    },
    {
      "title": "lucaishere_hi",
      "string_list_data": [
        {
          "timestamp": 1763936797
        }
      ]
    },
    {
      "title": "ellamodes",
      "string_list_data": [
        {
          "timestamp": 1763925050
        }
      ]
    },
    {
      "title": "garrett.ferrara",
      "string_list_data": [
        {
          "timestamp": 1763738927
        }
      ]
    },
    {
      "title": "ari.daniayle",
      "string_list_data": [
        {
          "timestamp": 1763667272
        }
      ]
    },
    {
      "title": "lilycollias",
      "string_list_data": [
        {
          "timestamp": 1763665285
        }
      ]
    },
    {
      "title": "vigqo",
      "string_list_data": [
        {
          "timestamp": 1763657738
        }
      ]
    },
    {
      "title": "_jackforster",
      "string_list_data": [
        {
          "timestamp": 1763347812
        }
      ]
    },
    {
      "title": "viviannfung",
      "string_list_data": [
        {
          "timestamp": 1763335166
        }
      ]
    },
    {
      "title": "celynff",
      "string_list_data": [
        {
          "timestamp": 1763254518
        }
      ]
    },
    {
      "title": "ph55ny",
      "string_list_data": [
        {
          "timestamp": 1763065820
        }
      ]
    },
    {
      "title": "avayanezz",
      "string_list_data": [
        {
          "timestamp": 1763065808
        }
      ]
    },
    {
      "title": "dangitproductions",
      "string_list_data": [
        {
          "timestamp": 1762989463
        }
      ]
    },
    {
      "title": "mk4don",
      "string_list_data": [
        {
          "timestamp": 1762989425
        }
      ]
    },
    {
      "title": "llillianmarie",
      "string_list_data": [
        {
          "timestamp": 1762984591
        }
      ]
    },
    {
      "title": "catharina.kozak",
      "string_list_data": [
        {
          "timestamp": 1762876885
        }
      ]
    },
    {
      "title": "bahar.vasli",
      "string_list_data": [
        {
          "timestamp": 1762876878
        }
      ]
    },
    {
      "title": "lucaishere_hi",
      "string_list_data": [
        {
          "timestamp": 1762869811
        }
      ]
    },
    {
      "title": "mk4don",
      "string_list_data": [
        {
          "timestamp": 1762800802
        }
      ]
    },
    {
      "title": "rayylodge",
      "string_list_data": [
        {
          "timestamp": 1762791903
        }
      ]
    },
    {
      "title": "tavaf9",
      "string_list_data": [
        {
          "timestamp": 1762756084
        }
      ]
    },
    {
      "title": "justintavaf",
      "string_list_data": [
        {
          "timestamp": 1762739143
        }
      ]
    },
    {
      "title": "tinamon9",
      "string_list_data": [
        {
          "timestamp": 1762711267
        }
      ]
    },
    {
      "title": "tinamon9",
      "string_list_data": [
        {
          "timestamp": 1762711264
        }
      ]
    },
    {
      "title": "tinamon9",
      "string_list_data": [
        {
          "timestamp": 1762711263
        }
      ]
    },
    {
      "title": "tinamon9",
      "string_list_data": [
        {
          "timestamp": 1762711262
        }
      ]
    },
    {
      "title": "karsynfaheyy",
      "string_list_data": [
        {
          "timestamp": 1762703819
        }
      ]
    },
    {
      "title": "justintavaf",
      "string_list_data": [
        {
          "timestamp": 1762648979
        }
      ]
    },
    {
      "title": "julialeviadin",
      "string_list_data": [
        {
          "timestamp": 1762547951
        }
      ]
    },
    {
      "title": "n.otgarrett",
      "string_list_data": [
        {
          "timestamp": 1762460458
        }
      ]
    },
    {
      "title": "aidan.blain",
      "string_list_data": [
        {
          "timestamp": 1762384146
        }
      ]
    },
    {
      "title": "foiy.co.uk",
      "string_list_data": [
        {
          "timestamp": 1762379728
        }
      ]
    },
    {
      "title": "kendall__wood",
      "string_list_data": [
        {
          "timestamp": 1762368741
        }
      ]
    },
    {
      "title": "tobernathy",
      "string_list_data": [
        {
          "timestamp": 1762355368
        }
      ]
    },
    {
      "title": "karsynfaheyy",
      "string_list_data": [
        {
          "timestamp": 1762355336
        }
      ]
    },
    {
      "title": "justintavaf",
      "string_list_data": [
        {
          "timestamp": 1762301215
        }
      ]
    },
    {
      "title": "naomi_.gracie",
      "string_list_data": [
        {
          "timestamp": 1762272730
        }
      ]
    },
    {
      "title": "calebodalaigh",
      "string_list_data": [
        {
          "timestamp": 1762272723
        }
      ]
    },
    {
      "title": "jetryden",
      "string_list_data": [
        {
          "timestamp": 1762272709
        }
      ]
    },
    {
      "title": "jetryden",
      "string_list_data": [
        {
          "timestamp": 1762202314
        }
      ]
    },
    {
      "title": "vigqo",
      "string_list_data": [
        {
          "timestamp": 1762149919
        }
      ]
    },
    {
      "title": "larahunterrr",
      "string_list_data": [
        {
          "timestamp": 1762135667
        }
      ]
    },
    {
      "title": "lucavalentine._",
      "string_list_data": [
        {
          "timestamp": 1762105275
        }
      ]
    },
    {
      "title": "sakuraamano",
      "string_list_data": [
        {
          "timestamp": 1762102632
        }
      ]
    },
    {
      "title": "sabchorna",
      "string_list_data": [
        {
          "timestamp": 1762102519
        }
      ]
    },
    {
      "title": "_jackforster",
      "string_list_data": [
        {
          "timestamp": 1762102499
        }
      ]
    },
    {
      "title": "justintavaf",
      "string_list_data": [
        {
          "timestamp": 1762100824
        }
      ]
    },
    {
      "title": "celynff",
      "string_list_data": [
        {
          "timestamp": 1762057890
        }
      ]
    },
    {
      "title": "jetryden",
      "string_list_data": [
        {
          "timestamp": 1762052284
        }
      ]
    },
    {
      "title": "james.rusler",
      "string_list_data": [
        {
          "timestamp": 1762036573
        }
      ]
    },
    {
      "title": "hhaylah",
      "string_list_data": [
        {
          "timestamp": 1761977221
        }
      ]
    },
    {
      "title": "justintavaf",
      "string_list_data": [
        {
          "timestamp": 1761928971
        }
      ]
    },
    {
      "title": "somebunniescare",
      "string_list_data": [
        {
          "timestamp": 1761789270
        }
      ]
    },
    {
      "title": "lilycollias",
      "string_list_data": [
        {
          "timestamp": 1761774215
        }
      ]
    },
    {
      "title": "lilycollias",
      "string_list_data": [
        {
          "timestamp": 1761774144
        }
      ]
    },
    {
      "title": "frommdesign",
      "string_list_data": [
        {
          "timestamp": 1761589851
        }
      ]
    },
    {
      "title": "nilesfromm",
      "string_list_data": [
        {
          "timestamp": 1761589837
        }
      ]
    },
    {
      "title": "karsynfaheyy",
      "string_list_data": [
        {
          "timestamp": 1761585773
        }
      ]
    },
    {
      "title": "k0neko111",
      "string_list_data": [
        {
          "timestamp": 1761580193
        }
      ]
    },
    {
      "title": "karsynfaheyy",
      "string_list_data": [
        {
          "timestamp": 1761523352
        }
      ]
    },
    {
      "title": "garrett.ferrara",
      "string_list_data": [
        {
          "timestamp": 1761519916
        }
      ]
    },
    {
      "title": "celynff",
      "string_list_data": [
        {
          "timestamp": 1761501113
        }
      ]
    },
    {
      "title": "hhaylah",
      "string_list_data": [
        {
          "timestamp": 1761498051
        }
      ]
    },
    {
      "title": "ph55ny",
      "string_list_data": [
        {
          "timestamp": 1761497341
        }
      ]
    },
    {
      "title": "k0neko111",
      "string_list_data": [
        {
          "timestamp": 1761497329
        }
      ]
    },
    {
      "title": "charlihicks._",
      "string_list_data": [
        {
          "timestamp": 1761433342
        }
      ]
    },
    {
      "title": "k0neko111",
      "string_list_data": [
        {
          "timestamp": 1761351003
        }
      ]
    },
    {
      "title": "larahunterrr",
      "string_list_data": [
        {
          "timestamp": 1761312226
        }
      ]
    },
    {
      "title": "evam4rie",
      "string_list_data": [
        {
          "timestamp": 1761282057
        }
      ]
    },
    {
      "title": "stableronaldo",
      "string_list_data": [
        {
          "timestamp": 1761182323
        }
      ]
    },
    {
      "title": "e1lahickman",
      "string_list_data": [
        {
          "timestamp": 1761166481
        }
      ]
    },
    {
      "title": "e1lahickman",
      "string_list_data": [
        {
          "timestamp": 1761166478
        }
      ]
    },
    {
      "title": "kendall__wood",
      "string_list_data": [
        {
          "timestamp": 1761166437
        }
      ]
    },
    {
      "title": "rrrileystein",
      "string_list_data": [
        {
          "timestamp": 1761138555
        }
      ]
    },
    {
      "title": "lindseypetsche",
      "string_list_data": [
        {
          "timestamp": 1761000511
        }
      ]
    },
    {
      "title": "garrett.ferrara",
      "string_list_data": [
        {
          "timestamp": 1760989708
        }
      ]
    },
    {
      "title": "vaughn_jelks",
      "string_list_data": [
        {
          "timestamp": 1760987756
        }
      ]
    },
    {
      "title": "llillianmarie",
      "string_list_data": [
        {
          "timestamp": 1760987698
        }
      ]
    },
    {
      "title": "gasparantl",
      "string_list_data": [
        {
          "timestamp": 1760987691
        }
      ]
    },
    {
      "title": "sammy.balls",
      "string_list_data": [
        {
          "timestamp": 1760972750
        }
      ]
    },
    {
      "title": "naomi_.gracie",
      "string_list_data": [
        {
          "timestamp": 1760932501
        }
      ]
    },
    {
      "title": "justintavaf",
      "string_list_data": [
        {
          "timestamp": 1760908897
        }
      ]
    },
    {
      "title": "tinamon9",
      "string_list_data": [
        {
          "timestamp": 1760891635
        }
      ]
    },
    {
      "title": "celynff",
      "string_list_data": [
        {
          "timestamp": 1760884805
        }
      ]
    },
    {
      "title": "larahunterrr",
      "string_list_data": [
        {
          "timestamp": 1760856672
        }
      ]
    },
    {
      "title": "larahunterrr",
      "string_list_data": [
        {
          "timestamp": 1760856669
        }
      ]
    },
    {
      "title": "justintavaf",
      "string_list_data": [
        {
          "timestamp": 1760828652
        }
      ]
    },
    {
      "title": "jillianbrander",
      "string_list_data": [
        {
          "timestamp": 1760711796
        }
      ]
    },
    {
      "title": "kendall__wood",
      "string_list_data": [
        {
          "timestamp": 1760639919
        }
      ]
    },
    {
      "title": "lenaabienias",
      "string_list_data": [
        {
          "timestamp": 1760639912
        }
      ]
    },
    {
      "title": "foiy.co.uk",
      "string_list_data": [
        {
          "timestamp": 1760639893
        }
      ]
    },
    {
      "title": "karsynfaheyy",
      "string_list_data": [
        {
          "timestamp": 1760639889
        }
      ]
    },
    {
      "title": "e1lahickman",
      "string_list_data": [
        {
          "timestamp": 1760538199
        }
      ]
    },
    {
      "title": "e1lahickman",
      "string_list_data": [
        {
          "timestamp": 1760538198
        }
      ]
    },
    {
      "title": "larahunterrr",
      "string_list_data": [
        {
          "timestamp": 1760303524
        }
      ]
    },
    {
      "title": "larahunterrr",
      "string_list_data": [
        {
          "timestamp": 1760243614
        }
      ]
    },
    {
      "title": "6666race",
      "string_list_data": [
        {
          "timestamp": 1760227432
        }
      ]
    },
    {
      "title": "larahunterrr",
      "string_list_data": [
        {
          "timestamp": 1760207348
        }
      ]
    },
    {
      "title": "garrett.ferrara",
      "string_list_data": [
        {
          "timestamp": 1760109180
        }
      ]
    },
    {
      "title": "lindseypetsche",
      "string_list_data": [
        {
          "timestamp": 1760043511
        }
      ]
    },
    {
      "title": "brooks_mccall_me_maybee",
      "string_list_data": [
        {
          "timestamp": 1759959321
        }
      ]
    },
    {
      "title": "cyrus_bmx",
      "string_list_data": [
        {
          "timestamp": 1759948627
        }
      ]
    },
    {
      "title": "lucavalentine._",
      "string_list_data": [
        {
          "timestamp": 1759943042
        }
      ]
    },
    {
      "title": "vigqo",
      "string_list_data": [
        {
          "timestamp": 1759874516
        }
      ]
    },
    {
      "title": "annamonjazeb",
      "string_list_data": [
        {
          "timestamp": 1759868845
        }
      ]
    },
    {
      "title": "justintavaf",
      "string_list_data": [
        {
          "timestamp": 1759717793
        }
      ]
    },
    {
      "title": "lindseypetsche",
      "string_list_data": [
        {
          "timestamp": 1759715016
        }
      ]
    },
    {
      "title": "_jackforster",
      "string_list_data": [
        {
          "timestamp": 1759688843
        }
      ]
    },
    {
      "title": "solayxo_",
      "string_list_data": [
        {
          "timestamp": 1759647604
        }
      ]
    },
    {
      "title": "solayxo_",
      "string_list_data": [
        {
          "timestamp": 1759647598
        }
      ]
    },
    {
      "title": "justintavaf",
      "string_list_data": [
        {
          "timestamp": 1759644688
        }
      ]
    },
    {
      "title": "justintavaf",
      "string_list_data": [
        {
          "timestamp": 1759644673
        }
      ]
    },
    {
      "title": "mk4don",
      "string_list_data": [
        {
          "timestamp": 1759568840
        }
      ]
    },
    {
      "title": "justintavaf",
      "string_list_data": [
        {
          "timestamp": 1759565579
        }
      ]
    },
    {
      "title": "llillianmarie",
      "string_list_data": [
        {
          "timestamp": 1759516344
        }
      ]
    },
    {
      "title": "justintavaf",
      "string_list_data": [
        {
          "timestamp": 1759516318
        }
      ]
    },
    {
      "title": "mal4z",
      "string_list_data": [
        {
          "timestamp": 1759462536
        }
      ]
    },
    {
      "title": "e1lahickman",
      "string_list_data": [
        {
          "timestamp": 1759462368
        }
      ]
    },
    {
      "title": "e1lahickman",
      "string_list_data": [
        {
          "timestamp": 1759462367
        }
      ]
    },
    {
      "title": "rayylodge",
      "string_list_data": [
        {
          "timestamp": 1759256900
        }
      ]
    },
    {
      "title": "ari.daniayle",
      "string_list_data": [
        {
          "timestamp": 1759249535
        }
      ]
    },
    {
      "title": "mimi_corvino",
      "string_list_data": [
        {
          "timestamp": 1759244410
        }
      ]
    },
    {
      "title": "e1lahickman",
      "string_list_data": [
        {
          "timestamp": 1759240179
        }
      ]
    },
    {
      "title": "e1lahickman",
      "string_list_data": [
        {
          "timestamp": 1759240176
        }
      ]
    },
    {
      "title": "juliusuuriah",
      "string_list_data": [
        {
          "timestamp": 1759182491
        }
      ]
    },
    {
      "title": "karsynfaheyy",
      "string_list_data": [
        {
          "timestamp": 1759182403
        }
      ]
    },
    {
      "title": "lilycollias",
      "string_list_data": [
        {
          "timestamp": 1759182357
        }
      ]
    },
    {
      "title": "melodyroohani",
      "string_list_data": [
        {
          "timestamp": 1759090238
        }
      ]
    },
    {
      "title": "deklyng",
      "string_list_data": [
        {
          "timestamp": 1758979593
        }
      ]
    },
    {
      "title": "e1lahickman",
      "string_list_data": [
        {
          "timestamp": 1758855641
        }
      ]
    },
    {
      "title": "e1lahickman",
      "string_list_data": [
        {
          "timestamp": 1758855628
        }
      ]
    },
    {
      "title": "llillianmarie",
      "string_list_data": [
        {
          "timestamp": 1758848249
        }
      ]
    },
    {
      "title": "llillianmarie",
      "string_list_data": [
        {
          "timestamp": 1758848247
        }
      ]
    },
    {
      "title": "vigqo",
      "string_list_data": [
        {
          "timestamp": 1758845886
        }
      ]
    },
    {
      "title": "james.rusler",
      "string_list_data": [
        {
          "timestamp": 1758824605
        }
      ]
    },
    {
      "title": "e1lahickman",
      "string_list_data": [
        {
          "timestamp": 1758824429
        }
      ]
    },
    {
      "title": "bahar.vasli",
      "string_list_data": [
        {
          "timestamp": 1758733210
        }
      ]
    },
    {
      "title": "jetryden",
      "string_list_data": [
        {
          "timestamp": 1758662432
        }
      ]
    },
    {
      "title": "karsynfaheyy",
      "string_list_data": [
        {
          "timestamp": 1758577020
        }
      ]
    },
    {
      "title": "justintavaf",
      "string_list_data": [
        {
          "timestamp": 1758449382
        }
      ]
    },
    {
      "title": "vaughn_jelks",
      "string_list_data": [
        {
          "timestamp": 1758407162
        }
      ]
    },
    {
      "title": "justintavaf",
      "string_list_data": [
        {
          "timestamp": 1758407150
        }
      ]
    },
    {
      "title": "e1lahickman",
      "string_list_data": [
        {
          "timestamp": 1758407121
        }
      ]
    },
    {
      "title": "e1lahickman",
      "string_list_data": [
        {
          "timestamp": 1758407118
        }
      ]
    },
    {
      "title": "e1lahickman",
      "string_list_data": [
        {
          "timestamp": 1758378344
        }
      ]
    },
    {
      "title": "deklyng",
      "string_list_data": [
        {
          "timestamp": 1758312852
        }
      ]
    },
    {
      "title": "llillianmarie",
      "string_list_data": [
        {
          "timestamp": 1758030543
        }
      ]
    },
    {
      "title": "garrett.ferrara",
      "string_list_data": [
        {
          "timestamp": 1757961826
        }
      ]
    },
    {
      "title": "brooks_mccall_me_maybee",
      "string_list_data": [
        {
          "timestamp": 1757961698
        }
      ]
    },
    {
      "title": "juliusuuriah",
      "string_list_data": [
        {
          "timestamp": 1757961673
        }
      ]
    },
    {
      "title": "mk4don",
      "string_list_data": [
        {
          "timestamp": 1757946853
        }
      ]
    },
    {
      "title": "sammy.balls",
      "string_list_data": [
        {
          "timestamp": 1757946783
        }
      ]
    },
    {
      "title": "llillianmarie",
      "string_list_data": [
        {
          "timestamp": 1757779180
        }
      ]
    },
    {
      "title": "justintavaf",
      "string_list_data": [
        {
          "timestamp": 1757779177
        }
      ]
    },
    {
      "title": "garrett.ferrara",
      "string_list_data": [
        {
          "timestamp": 1757776765
        }
      ]
    },
    {
      "title": "gasparantl",
      "string_list_data": [
        {
          "timestamp": 1757703559
        }
      ]
    },
    {
      "title": "kichi0",
      "string_list_data": [
        {
          "timestamp": 1757618215
        }
      ]
    },
    {
      "title": "alejandrocabadalopez",
      "string_list_data": [
        {
          "timestamp": 1757617062
        }
      ]
    },
    {
      "title": "lacy.himself",
      "string_list_data": [
        {
          "timestamp": 1757615790
        }
      ]
    },
    {
      "title": "heyitsmesina",
      "string_list_data": [
        {
          "timestamp": 1757606649
        }
      ]
    },
    {
      "title": "alejandrocabadalopez",
      "string_list_data": [
        {
          "timestamp": 1757550936
        }
      ]
    },
    {
      "title": "llillianmarie",
      "string_list_data": [
        {
          "timestamp": 1757550920
        }
      ]
    },
    {
      "title": "simuliu",
      "string_list_data": [
        {
          "timestamp": 1757549622
        }
      ]
    },
    {
      "title": "thefazeadapt",
      "string_list_data": [
        {
          "timestamp": 1757549484
        }
      ]
    },
    {
      "title": "holdenfisherr",
      "string_list_data": [
        {
          "timestamp": 1757531248
        }
      ]
    },
    {
      "title": "isaac.rockwell",
      "string_list_data": [
        {
          "timestamp": 1757480729
        }
      ]
    },
    {
      "title": "tavaf9",
      "string_list_data": [
        {
          "timestamp": 1757448252
        }
      ]
    },
    {
      "title": "jackson_gardners_friend_luke",
      "string_list_data": [
        {
          "timestamp": 1757355878
        }
      ]
    },
    {
      "title": "foiy.co.uk",
      "string_list_data": [
        {
          "timestamp": 1757346883
        }
      ]
    },
    {
      "title": "mk4don",
      "string_list_data": [
        {
          "timestamp": 1757189664
        }
      ]
    },
    {
      "title": "foiy.co.uk",
      "string_list_data": [
        {
          "timestamp": 1757189641
        }
      ]
    },
    {
      "title": "deklyng",
      "string_list_data": [
        {
          "timestamp": 1757089592
        }
      ]
    },
    {
      "title": "mk4don",
      "string_list_data": [
        {
          "timestamp": 1757002050
        }
      ]
    },
    {
      "title": "tammytag",
      "string_list_data": [
        {
          "timestamp": 1756948147
        }
      ]
    },
    {
      "title": "ty.yonii",
      "string_list_data": [
        {
          "timestamp": 1756938284
        }
      ]
    },
    {
      "title": "foiy.co.uk",
      "string_list_data": [
        {
          "timestamp": 1756919331
        }
      ]
    },
    {
      "title": "tammytag",
      "string_list_data": [
        {
          "timestamp": 1756907804
        }
      ]
    },
    {
      "title": "gasparantl",
      "string_list_data": [
        {
          "timestamp": 1756907759
        }
      ]
    },
    {
      "title": "yoyo.v12",
      "string_list_data": [
        {
          "timestamp": 1756907658
        }
      ]
    },
    {
      "title": "vigqo",
      "string_list_data": [
        {
          "timestamp": 1756907638
        }
      ]
    },
    {
      "title": "jackson_gardners_friend_luke",
      "string_list_data": [
        {
          "timestamp": 1756767011
        }
      ]
    },
    {
      "title": "justintavaf",
      "string_list_data": [
        {
          "timestamp": 1756671264
        }
      ]
    },
    {
      "title": "mk4don",
      "string_list_data": [
        {
          "timestamp": 1756417739
        }
      ]
    },
    {
      "title": "e1lahickman",
      "string_list_data": [
        {
          "timestamp": 1756416087
        }
      ]
    },
    {
      "title": "meloraouf",
      "string_list_data": [
        {
          "timestamp": 1756404852
        }
      ]
    },
    {
      "title": "gasparantl",
      "string_list_data": [
        {
          "timestamp": 1756402714
        }
      ]
    },
    {
      "title": "calebodalaigh",
      "string_list_data": [
        {
          "timestamp": 1756402452
        }
      ]
    },
    {
      "title": "e1lahickman",
      "string_list_data": [
        {
          "timestamp": 1756342617
        }
      ]
    },
    {
      "title": "deklyng",
      "string_list_data": [
        {
          "timestamp": 1756318411
        }
      ]
    },
    {
      "title": "paul_corvin0",
      "string_list_data": [
        {
          "timestamp": 1756267328
        }
      ]
    },
    {
      "title": "bahar.vasli",
      "string_list_data": [
        {
          "timestamp": 1756165802
        }
      ]
    },
    {
      "title": "bahar.vasli",
      "string_list_data": [
        {
          "timestamp": 1756165802
        }
      ]
    },
    {
      "title": "mimi_corvino",
      "string_list_data": [
        {
          "timestamp": 1755909313
        }
      ]
    },
    {
      "title": "paul_corvin0",
      "string_list_data": [
        {
          "timestamp": 1755909177
        }
      ]
    },
    {
      "title": "paul_corvin0",
      "string_list_data": [
        {
          "timestamp": 1755909173
        }
      ]
    },
    {
      "title": "rayylodge",
      "string_list_data": [
        {
          "timestamp": 1755677820
        }
      ]
    },
    {
      "title": "rayylodge",
      "string_list_data": [
        {
          "timestamp": 1755649184
        }
      ]
    },
    {
      "title": "cierra.ortega",
      "string_list_data": [
        {
          "timestamp": 1755375154
        }
      ]
    },
    {
      "title": "heads_studio",
      "string_list_data": [
        {
          "timestamp": 1755240634
        }
      ]
    },
    {
      "title": "alyssakiim",
      "string_list_data": [
        {
          "timestamp": 1755223981
        }
      ]
    },
    {
      "title": "llillianmarie",
      "string_list_data": [
        {
          "timestamp": 1755223957
        }
      ]
    },
    {
      "title": "juliusuuriah",
      "string_list_data": [
        {
          "timestamp": 1755195315
        }
      ]
    },
    {
      "title": "sakuraamano",
      "string_list_data": [
        {
          "timestamp": 1755191004
        }
      ]
    },
    {
      "title": "juliusuuriah",
      "string_list_data": [
        {
          "timestamp": 1755130340
        }
      ]
    },
    {
      "title": "e1lahickman",
      "string_list_data": [
        {
          "timestamp": 1755042013
        }
      ]
    },
    {
      "title": "somebunniescare",
      "string_list_data": [
        {
          "timestamp": 1755024407
        }
      ]
    },
    {
      "title": "somebunniescare",
      "string_list_data": [
        {
          "timestamp": 1754982224
        }
      ]
    },
    {
      "title": "mal4z",
      "string_list_data": [
        {
          "timestamp": 1754941268
        }
      ]
    },
    {
      "title": "james.rusler",
      "string_list_data": [
        {
          "timestamp": 1754843869
        }
      ]
    },
    {
      "title": "somebunniescare",
      "string_list_data": [
        {
          "timestamp": 1754695649
        }
      ]
    },
    {
      "title": "jackson_gardners_friend_luke",
      "string_list_data": [
        {
          "timestamp": 1754674659
        }
      ]
    },
    {
      "title": "juliusuuriah",
      "string_list_data": [
        {
          "timestamp": 1754607577
        }
      ]
    },
    {
      "title": "deklyng",
      "string_list_data": [
        {
          "timestamp": 1754520155
        }
      ]
    },
    {
      "title": "somebunniescare",
      "string_list_data": [
        {
          "timestamp": 1754505816
        }
      ]
    },
    {
      "title": "somebunniescare",
      "string_list_data": [
        {
          "timestamp": 1754505814
        }
      ]
    },
    {
      "title": "somebunniescare",
      "string_list_data": [
        {
          "timestamp": 1754505811
        }
      ]
    },
    {
      "title": "somebunniescare",
      "string_list_data": [
        {
          "timestamp": 1754505804
        }
      ]
    },
    {
      "title": "llillianmarie",
      "string_list_data": [
        {
          "timestamp": 1754501874
        }
      ]
    },
    {
      "title": "jackson_gardners_friend_luke",
      "string_list_data": [
        {
          "timestamp": 1754487414
        }
      ]
    },
    {
      "title": "jillianbrander",
      "string_list_data": [
        {
          "timestamp": 1754487408
        }
      ]
    },
    {
      "title": "adaj0y",
      "string_list_data": [
        {
          "timestamp": 1754487334
        }
      ]
    },
    {
      "title": "noahmonjazeb",
      "string_list_data": [
        {
          "timestamp": 1754487251
        }
      ]
    },
    {
      "title": "tammytag",
      "string_list_data": [
        {
          "timestamp": 1754411111
        }
      ]
    },
    {
      "title": "e1lahickman",
      "string_list_data": [
        {
          "timestamp": 1754410948
        }
      ]
    },
    {
      "title": "lilycollias",
      "string_list_data": [
        {
          "timestamp": 1754244274
        }
      ]
    },
    {
      "title": "somebunniescare",
      "string_list_data": [
        {
          "timestamp": 1754179327
        }
      ]
    },
    {
      "title": "somebunniescare",
      "string_list_data": [
        {
          "timestamp": 1754179308
        }
      ]
    },
    {
      "title": "trueunoo",
      "string_list_data": [
        {
          "timestamp": 1754141331
        }
      ]
    },
    {
      "title": "justintavaf",
      "string_list_data": [
        {
          "timestamp": 1754007939
        }
      ]
    },
    {
      "title": "deklyng",
      "string_list_data": [
        {
          "timestamp": 1753727605
        }
      ]
    },
    {
      "title": "isaac.rockwell",
      "string_list_data": [
        {
          "timestamp": 1753199289
        }
      ]
    },
    {
      "title": "that1motofriend",
      "string_list_data": [
        {
          "timestamp": 1753132752
        }
      ]
    },
    {
      "title": "rrrileystein",
      "string_list_data": [
        {
          "timestamp": 1752960713
        }
      ]
    },
    {
      "title": "brentgrey",
      "string_list_data": [
        {
          "timestamp": 1752773497
        }
      ]
    },
    {
      "title": "e1lahickman",
      "string_list_data": [
        {
          "timestamp": 1752709815
        }
      ]
    },
    {
      "title": "julialeviadin",
      "string_list_data": [
        {
          "timestamp": 1752678774
        }
      ]
    },
    {
      "title": "mal4z",
      "string_list_data": [
        {
          "timestamp": 1752676045
        }
      ]
    },
    {
      "title": "jetryden",
      "string_list_data": [
        {
          "timestamp": 1752589659
        }
      ]
    },
    {
      "title": "e1lahickman",
      "string_list_data": [
        {
          "timestamp": 1752589633
        }
      ]
    },
    {
      "title": "llillianmarie",
      "string_list_data": [
        {
          "timestamp": 1752510920
        }
      ]
    },
    {
      "title": "vigqo",
      "string_list_data": [
        {
          "timestamp": 1752506478
        }
      ]
    },
    {
      "title": "justintavaf",
      "string_list_data": [
        {
          "timestamp": 1752432746
        }
      ]
    },
    {
      "title": "justintavaf",
      "string_list_data": [
        {
          "timestamp": 1752432740
        }
      ]
    },
    {
      "title": "e1lahickman",
      "string_list_data": [
        {
          "timestamp": 1752432722
        }
      ]
    },
    {
      "title": "tavaf9",
      "string_list_data": [
        {
          "timestamp": 1752431262
        }
      ]
    },
    {
      "title": "mal4z",
      "string_list_data": [
        {
          "timestamp": 1752417521
        }
      ]
    },
    {
      "title": "e1lahickman",
      "string_list_data": [
        {
          "timestamp": 1752354462
        }
      ]
    },
    {
      "title": "e1lahickman",
      "string_list_data": [
        {
          "timestamp": 1752266228
        }
      ]
    },
    {
      "title": "sammy.balls",
      "string_list_data": [
        {
          "timestamp": 1752088894
        }
      ]
    },
    {
      "title": "cierra.ortega",
      "string_list_data": [
        {
          "timestamp": 1751871848
        }
      ]
    },
    {
      "title": "jetryden",
      "string_list_data": [
        {
          "timestamp": 1751852146
        }
      ]
    },
    {
      "title": "justintavaf",
      "string_list_data": [
        {
          "timestamp": 1751852140
        }
      ]
    },
    {
      "title": "e1lahickman",
      "string_list_data": [
        {
          "timestamp": 1751762084
        }
      ]
    },
    {
      "title": "lilycollias",
      "string_list_data": [
        {
          "timestamp": 1751647863
        }
      ]
    },
    {
      "title": "vigqo",
      "string_list_data": [
        {
          "timestamp": 1751647852
        }
      ]
    },
    {
      "title": "karsynfaheyy",
      "string_list_data": [
        {
          "timestamp": 1751581572
        }
      ]
    },
    {
      "title": "mal4z",
      "string_list_data": [
        {
          "timestamp": 1751515303
        }
      ]
    },
    {
      "title": "n.otgarrett",
      "string_list_data": [
        {
          "timestamp": 1751422737
        }
      ]
    },
    {
      "title": "jetryden",
      "string_list_data": [
        {
          "timestamp": 1751172640
        }
      ]
    },
    {
      "title": "vigqo",
      "string_list_data": [
        {
          "timestamp": 1751132088
        }
      ]
    },
    {
      "title": "kayaschwartz",
      "string_list_data": [
        {
          "timestamp": 1751130036
        }
      ]
    },
    {
      "title": "kendall__wood",
      "string_list_data": [
        {
          "timestamp": 1751003985
        }
      ]
    },
    {
      "title": "jetryden",
      "string_list_data": [
        {
          "timestamp": 1750997330
        }
      ]
    },
    {
      "title": "rrrileystein",
      "string_list_data": [
        {
          "timestamp": 1750997323
        }
      ]
    },
    {
      "title": "mimi_corvino",
      "string_list_data": [
        {
          "timestamp": 1750956299
        }
      ]
    },
    {
      "title": "james.rusler",
      "string_list_data": [
        {
          "timestamp": 1750697736
        }
      ]
    },
    {
      "title": "mal4z",
      "string_list_data": [
        {
          "timestamp": 1750694695
        }
      ]
    },
    {
      "title": "paul_corvin0",
      "string_list_data": [
        {
          "timestamp": 1750655281
        }
      ]
    },
    {
      "title": "llillianmarie",
      "string_list_data": [
        {
          "timestamp": 1750349205
        }
      ]
    },
    {
      "title": "alexezhari",
      "string_list_data": [
        {
          "timestamp": 1750346781
        }
      ]
    },
    {
      "title": "nilesfromm",
      "string_list_data": [
        {
          "timestamp": 1750346665
        }
      ]
    },
    {
      "title": "justintavaf",
      "string_list_data": [
        {
          "timestamp": 1750205631
        }
      ]
    },
    {
      "title": "e1lahickman",
      "string_list_data": [
        {
          "timestamp": 1750094368
        }
      ]
    },
    {
      "title": "justintavaf",
      "string_list_data": [
        {
          "timestamp": 1750040264
        }
      ]
    },
    {
      "title": "vigqo",
      "string_list_data": [
        {
          "timestamp": 1750011374
        }
      ]
    },
    {
      "title": "jackson_gardners_friend_luke",
      "string_list_data": [
        {
          "timestamp": 1749963977
        }
      ]
    },
    {
      "title": "juliusuuriah",
      "string_list_data": [
        {
          "timestamp": 1749963951
        }
      ]
    },
    {
      "title": "deklyng",
      "string_list_data": [
        {
          "timestamp": 1749961693
        }
      ]
    },
    {
      "title": "cyrus_bmx",
      "string_list_data": [
        {
          "timestamp": 1749932657
        }
      ]
    },
    {
      "title": "jillianbrander",
      "string_list_data": [
        {
          "timestamp": 1749932614
        }
      ]
    },
    {
      "title": "rayylodge",
      "string_list_data": [
        {
          "timestamp": 1749874690
        }
      ]
    },
    {
      "title": "cordelia_jane_gallagher",
      "string_list_data": [
        {
          "timestamp": 1749845848
        }
      ]
    },
    {
      "title": "cordelia_jane_gallagher",
      "string_list_data": [
        {
          "timestamp": 1749845848
        }
      ]
    },
    {
      "title": "deklyng",
      "string_list_data": [
        {
          "timestamp": 1749779234
        }
      ]
    },
    {
      "title": "deklyng",
      "string_list_data": [
        {
          "timestamp": 1749779227
        }
      ]
    },
    {
      "title": "deklyng",
      "string_list_data": [
        {
          "timestamp": 1749779225
        }
      ]
    },
    {
      "title": "deklyng",
      "string_list_data": [
        {
          "timestamp": 1749779223
        }
      ]
    },
    {
      "title": "e1lahickman",
      "string_list_data": [
        {
          "timestamp": 1749683105
        }
      ]
    },
    {
      "title": "e1lahickman",
      "string_list_data": [
        {
          "timestamp": 1749661783
        }
      ]
    },
    {
      "title": "james.rusler",
      "string_list_data": [
        {
          "timestamp": 1749600626
        }
      ]
    },
    {
      "title": "e1lahickman",
      "string_list_data": [
        {
          "timestamp": 1749600614
        }
      ]
    },
    {
      "title": "_.juliatop._",
      "string_list_data": [
        {
          "timestamp": 1749405519
        }
      ]
    },
    {
      "title": "_.juliatop._",
      "string_list_data": [
        {
          "timestamp": 1749405516
        }
      ]
    },
    {
      "title": "sammy.balls",
      "string_list_data": [
        {
          "timestamp": 1749401581
        }
      ]
    },
    {
      "title": "tavaf9",
      "string_list_data": [
        {
          "timestamp": 1749401554
        }
      ]
    },
    {
      "title": "kayaschwartz",
      "string_list_data": [
        {
          "timestamp": 1749341271
        }
      ]
    },
    {
      "title": "thefazeadapt",
      "string_list_data": [
        {
          "timestamp": 1749341240
        }
      ]
    },
    {
      "title": "lucavalentine._",
      "string_list_data": [
        {
          "timestamp": 1749341231
        }
      ]
    },
    {
      "title": "e1lahickman",
      "string_list_data": [
        {
          "timestamp": 1749338439
        }
      ]
    },
    {
      "title": "e1lahickman",
      "string_list_data": [
        {
          "timestamp": 1749250611
        }
      ]
    },
    {
      "title": "justintavaf",
      "string_list_data": [
        {
          "timestamp": 1749191625
        }
      ]
    },
    {
      "title": "e1lahickman",
      "string_list_data": [
        {
          "timestamp": 1749090610
        }
      ]
    },
    {
      "title": "e1lahickman",
      "string_list_data": [
        {
          "timestamp": 1749090600
        }
      ]
    },
    {
      "title": "sammy.balls",
      "string_list_data": [
        {
          "timestamp": 1749066424
        }
      ]
    },
    {
      "title": "e1lahickman",
      "string_list_data": [
        {
          "timestamp": 1748988982
        }
      ]
    },
    {
      "title": "james.rusler",
      "string_list_data": [
        {
          "timestamp": 1748930153
        }
      ]
    },
    {
      "title": "deklyng",
      "string_list_data": [
        {
          "timestamp": 1748888351
        }
      ]
    },
    {
      "title": "e1lahickman",
      "string_list_data": [
        {
          "timestamp": 1748888339
        }
      ]
    },
    {
      "title": "solayxo_",
      "string_list_data": [
        {
          "timestamp": 1748801436
        }
      ]
    },
    {
      "title": "karsynfaheyy",
      "string_list_data": [
        {
          "timestamp": 1748710747
        }
      ]
    },
    {
      "title": "justintavaf",
      "string_list_data": [
        {
          "timestamp": 1748695914
        }
      ]
    },
    {
      "title": "deklyng",
      "string_list_data": [
        {
          "timestamp": 1748536679
        }
      ]
    },
    {
      "title": "vigqo",
      "string_list_data": [
        {
          "timestamp": 1748462661
        }
      ]
    },
    {
      "title": "llillianmarie",
      "string_list_data": [
        {
          "timestamp": 1748443772
        }
      ]
    },
    {
      "title": "juliusuuriah",
      "string_list_data": [
        {
          "timestamp": 1748387488
        }
      ]
    },
    {
      "title": "ryan.ezhari",
      "string_list_data": [
        {
          "timestamp": 1748274347
        }
      ]
    },
    {
      "title": "tavaf9",
      "string_list_data": [
        {
          "timestamp": 1748116895
        }
      ]
    },
    {
      "title": "solayxo_",
      "string_list_data": [
        {
          "timestamp": 1748056809
        }
      ]
    },
    {
      "title": "juliusuuriah",
      "string_list_data": [
        {
          "timestamp": 1747923951
        }
      ]
    },
    {
      "title": "brentgrey",
      "string_list_data": [
        {
          "timestamp": 1747761428
        }
      ]
    },
    {
      "title": "brentgrey",
      "string_list_data": [
        {
          "timestamp": 1747576569
        }
      ]
    },
    {
      "title": "ryan.ezhari",
      "string_list_data": [
        {
          "timestamp": 1747528804
        }
      ]
    },
    {
      "title": "needle.to.wax",
      "string_list_data": [
        {
          "timestamp": 1747422617
        }
      ]
    },
    {
      "title": "needle.to.wax",
      "string_list_data": [
        {
          "timestamp": 1747422616
        }
      ]
    },
    {
      "title": "jackson_gardners_friend_luke",
      "string_list_data": [
        {
          "timestamp": 1747418713
        }
      ]
    },
    {
      "title": "deklyng",
      "string_list_data": [
        {
          "timestamp": 1747409758
        }
      ]
    },
    {
      "title": "tavaf9",
      "string_list_data": [
        {
          "timestamp": 1747246648
        }
      ]
    },
    {
      "title": "deklyng",
      "string_list_data": [
        {
          "timestamp": 1747231788
        }
      ]
    },
    {
      "title": "e1lahickman",
      "string_list_data": [
        {
          "timestamp": 1747230395
        }
      ]
    },
    {
      "title": "e1lahickman",
      "string_list_data": [
        {
          "timestamp": 1747230392
        }
      ]
    },
    {
      "title": "karsynfaheyy",
      "string_list_data": [
        {
          "timestamp": 1747106469
        }
      ]
    },
    {
      "title": "t2maggart",
      "string_list_data": [
        {
          "timestamp": 1747099876
        }
      ]
    },
    {
      "title": "chasecohenn",
      "string_list_data": [
        {
          "timestamp": 1747099869
        }
      ]
    },
    {
      "title": "thefazeadapt",
      "string_list_data": [
        {
          "timestamp": 1747099659
        }
      ]
    },
    {
      "title": "nilesfromm",
      "string_list_data": [
        {
          "timestamp": 1747015384
        }
      ]
    },
    {
      "title": "justintavaf",
      "string_list_data": [
        {
          "timestamp": 1746986411
        }
      ]
    },
    {
      "title": "justintavaf",
      "string_list_data": [
        {
          "timestamp": 1746986410
        }
      ]
    },
    {
      "title": "tavaf9",
      "string_list_data": [
        {
          "timestamp": 1746986401
        }
      ]
    },
    {
      "title": "guileg95",
      "string_list_data": [
        {
          "timestamp": 1746898769
        }
      ]
    },
    {
      "title": "yoniiiarchive",
      "string_list_data": [
        {
          "timestamp": 1746898753
        }
      ]
    },
    {
      "title": "deklyng",
      "string_list_data": [
        {
          "timestamp": 1746898749
        }
      ]
    },
    {
      "title": "garrett.ferrara",
      "string_list_data": [
        {
          "timestamp": 1746800026
        }
      ]
    },
    {
      "title": "sammy.balls",
      "string_list_data": [
        {
          "timestamp": 1746720003
        }
      ]
    },
    {
      "title": "garrett.ferrara",
      "string_list_data": [
        {
          "timestamp": 1746719990
        }
      ]
    },
    {
      "title": "jetryden",
      "string_list_data": [
        {
          "timestamp": 1746719971
        }
      ]
    },
    {
      "title": "karsynfaheyy",
      "string_list_data": [
        {
          "timestamp": 1746665545
        }
      ]
    },
    {
      "title": "lilycollias",
      "string_list_data": [
        {
          "timestamp": 1746634075
        }
      ]
    },
    {
      "title": "eliott_leeds",
      "string_list_data": [
        {
          "timestamp": 1746572883
        }
      ]
    },
    {
      "title": "e1lahickman",
      "string_list_data": [
        {
          "timestamp": 1746572847
        }
      ]
    },
    {
      "title": "e1lahickman",
      "string_list_data": [
        {
          "timestamp": 1746572844
        }
      ]
    },
    {
      "title": "justintavaf",
      "string_list_data": [
        {
          "timestamp": 1746462754
        }
      ]
    },
    {
      "title": "tavaf9",
      "string_list_data": [
        {
          "timestamp": 1746378745
        }
      ]
    },
    {
      "title": "justintavaf",
      "string_list_data": [
        {
          "timestamp": 1746369468
        }
      ]
    },
    {
      "title": "somebunniescare",
      "string_list_data": [
        {
          "timestamp": 1746296699
        }
      ]
    },
    {
      "title": "rayylodge",
      "string_list_data": [
        {
          "timestamp": 1746283837
        }
      ]
    },
    {
      "title": "lucaishere_hi",
      "string_list_data": [
        {
          "timestamp": 1746197524
        }
      ]
    },
    {
      "title": "mimi_corvino",
      "string_list_data": [
        {
          "timestamp": 1746142579
        }
      ]
    },
    {
      "title": "vigqo",
      "string_list_data": [
        {
          "timestamp": 1746142570
        }
      ]
    },
    {
      "title": "yoniiiarchive",
      "string_list_data": [
        {
          "timestamp": 1746055625
        }
      ]
    },
    {
      "title": "lucavalentine._",
      "string_list_data": [
        {
          "timestamp": 1745961903
        }
      ]
    },
    {
      "title": "e1lahickman",
      "string_list_data": [
        {
          "timestamp": 1745961899
        }
      ]
    },
    {
      "title": "nilesfromm",
      "string_list_data": [
        {
          "timestamp": 1745889321
        }
      ]
    },
    {
      "title": "vigqo",
      "string_list_data": [
        {
          "timestamp": 1745778408
        }
      ]
    },
    {
      "title": "jetryden",
      "string_list_data": [
        {
          "timestamp": 1745730638
        }
      ]
    },
    {
      "title": "_jackforster",
      "string_list_data": [
        {
          "timestamp": 1745612842
        }
      ]
    },
    {
      "title": "deklyng",
      "string_list_data": [
        {
          "timestamp": 1745592825
        }
      ]
    },
    {
      "title": "solayxo_",
      "string_list_data": [
        {
          "timestamp": 1745452335
        }
      ]
    },
    {
      "title": "jackie_mednick",
      "string_list_data": [
        {
          "timestamp": 1745421177
        }
      ]
    },
    {
      "title": "foiy.co.uk",
      "string_list_data": [
        {
          "timestamp": 1745420474
        }
      ]
    },
    {
      "title": "e1lahickman",
      "string_list_data": [
        {
          "timestamp": 1745290773
        }
      ]
    },
    {
      "title": "vigqo",
      "string_list_data": [
        {
          "timestamp": 1745275041
        }
      ]
    },
    {
      "title": "heyitsmesina",
      "string_list_data": [
        {
          "timestamp": 1745199182
        }
      ]
    },
    {
      "title": "e1lahickman",
      "string_list_data": [
        {
          "timestamp": 1745106106
        }
      ]
    },
    {
      "title": "brooks_mccall_me_maybee",
      "string_list_data": [
        {
          "timestamp": 1744995061
        }
      ]
    },
    {
      "title": "rrrileystein",
      "string_list_data": [
        {
          "timestamp": 1744802710
        }
      ]
    },
    {
      "title": "mimi_corvino",
      "string_list_data": [
        {
          "timestamp": 1744774352
        }
      ]
    },
    {
      "title": "vigqo",
      "string_list_data": [
        {
          "timestamp": 1744774344
        }
      ]
    },
    {
      "title": "vigqo",
      "string_list_data": [
        {
          "timestamp": 1744774343
        }
      ]
    },
    {
      "title": "vigqo",
      "string_list_data": [
        {
          "timestamp": 1744774341
        }
      ]
    },
    {
      "title": "jetryden",
      "string_list_data": [
        {
          "timestamp": 1744691625
        }
      ]
    },
    {
      "title": "justintavaf",
      "string_list_data": [
        {
          "timestamp": 1744668982
        }
      ]
    },
    {
      "title": "tavaf9",
      "string_list_data": [
        {
          "timestamp": 1744578215
        }
      ]
    },
    {
      "title": "fdfresh",
      "string_list_data": [
        {
          "timestamp": 1744575820
        }
      ]
    },
    {
      "title": "heyitsmesina",
      "string_list_data": [
        {
          "timestamp": 1744553300
        }
      ]
    },
    {
      "title": "rrrileystein",
      "string_list_data": [
        {
          "timestamp": 1744553282
        }
      ]
    },
    {
      "title": "paul_corvin0",
      "string_list_data": [
        {
          "timestamp": 1744535718
        }
      ]
    },
    {
      "title": "sammy.balls",
      "string_list_data": [
        {
          "timestamp": 1744406396
        }
      ]
    },
    {
      "title": "juliusuuriah",
      "string_list_data": [
        {
          "timestamp": 1744160265
        }
      ]
    },
    {
      "title": "justintavaf",
      "string_list_data": [
        {
          "timestamp": 1743974164
        }
      ]
    },
    {
      "title": "justintavaf",
      "string_list_data": [
        {
          "timestamp": 1743974163
        }
      ]
    },
    {
      "title": "justintavaf",
      "string_list_data": [
        {
          "timestamp": 1743974162
        }
      ]
    },
    {
      "title": "justintavaf",
      "string_list_data": [
        {
          "timestamp": 1743974138
        }
      ]
    },
    {
      "title": "fridounchee",
      "string_list_data": [
        {
          "timestamp": 1743786171
        }
      ]
    },
    {
      "title": "cyrus_bmx",
      "string_list_data": [
        {
          "timestamp": 1743775805
        }
      ]
    },
    {
      "title": "frommdesign",
      "string_list_data": [
        {
          "timestamp": 1743473169
        }
      ]
    },
    {
      "title": "vigqo",
      "string_list_data": [
        {
          "timestamp": 1743461022
        }
      ]
    },
    {
      "title": "deklyns_files",
      "string_list_data": [
        {
          "timestamp": 1743461016
        }
      ]
    },
    {
      "title": "jackson_gardners_friend_luke",
      "string_list_data": [
        {
          "timestamp": 1743446493
        }
      ]
    },
    {
      "title": "e1lahickman",
      "string_list_data": [
        {
          "timestamp": 1743446416
        }
      ]
    },
    {
      "title": "vigqo",
      "string_list_data": [
        {
          "timestamp": 1743432656
        }
      ]
    },
    {
      "title": "tavaf9",
      "string_list_data": [
        {
          "timestamp": 1743194258
        }
      ]
    },
    {
      "title": "njmrqz4",
      "string_list_data": [
        {
          "timestamp": 1743100836
        }
      ]
    },
    {
      "title": "jetryden",
      "string_list_data": [
        {
          "timestamp": 1742861138
        }
      ]
    },
    {
      "title": "vigqo",
      "string_list_data": [
        {
          "timestamp": 1742789012
        }
      ]
    },
    {
      "title": "e1lahickman",
      "string_list_data": [
        {
          "timestamp": 1742673299
        }
      ]
    },
    {
      "title": "calebodalaigh",
      "string_list_data": [
        {
          "timestamp": 1742604991
        }
      ]
    },
    {
      "title": "adaj0y",
      "string_list_data": [
        {
          "timestamp": 1742604955
        }
      ]
    },
    {
      "title": "juliusjsh",
      "string_list_data": [
        {
          "timestamp": 1742568487
        }
      ]
    },
    {
      "title": "jillianbrander",
      "string_list_data": [
        {
          "timestamp": 1742567486
        }
      ]
    },
    {
      "title": "juliusuuriah",
      "string_list_data": [
        {
          "timestamp": 1742245875
        }
      ]
    },
    {
      "title": "e1lahickman",
      "string_list_data": [
        {
          "timestamp": 1742183088
        }
      ]
    },
    {
      "title": "e1lahickman",
      "string_list_data": [
        {
          "timestamp": 1742138012
        }
      ]
    },
    {
      "title": "jetryden",
      "string_list_data": [
        {
          "timestamp": 1742079270
        }
      ]
    },
    {
      "title": "fdfresh",
      "string_list_data": [
        {
          "timestamp": 1742078596
        }
      ]
    },
    {
      "title": "stefanxander_",
      "string_list_data": [
        {
          "timestamp": 1742076121
        }
      ]
    },
    {
      "title": "rayylodge",
      "string_list_data": [
        {
          "timestamp": 1742076115
        }
      ]
    },
    {
      "title": "t2maggart",
      "string_list_data": [
        {
          "timestamp": 1742070150
        }
      ]
    },
    {
      "title": "mal4z",
      "string_list_data": [
        {
          "timestamp": 1742054085
        }
      ]
    },
    {
      "title": "pseudoname01",
      "string_list_data": [
        {
          "timestamp": 1741904006
        }
      ]
    },
    {
      "title": "e1lahickman",
      "string_list_data": [
        {
          "timestamp": 1741903961
        }
      ]
    },
    {
      "title": "e1lahickman",
      "string_list_data": [
        {
          "timestamp": 1741903958
        }
      ]
    },
    {
      "title": "lilycollias",
      "string_list_data": [
        {
          "timestamp": 1741716910
        }
      ]
    },
    {
      "title": "somebunniescare",
      "string_list_data": [
        {
          "timestamp": 1741627827
        }
      ]
    },
    {
      "title": "llillianmarie",
      "string_list_data": [
        {
          "timestamp": 1741560945
        }
      ]
    },
    {
      "title": "vigqo",
      "string_list_data": [
        {
          "timestamp": 1741560925
        }
      ]
    },
    {
      "title": "somebunniescare",
      "string_list_data": [
        {
          "timestamp": 1741560903
        }
      ]
    },
    {
      "title": "lilycollias",
      "string_list_data": [
        {
          "timestamp": 1741545769
        }
      ]
    },
    {
      "title": "vigqo",
      "string_list_data": [
        {
          "timestamp": 1741465828
        }
      ]
    },
    {
      "title": "rayylodge",
      "string_list_data": [
        {
          "timestamp": 1741388654
        }
      ]
    },
    {
      "title": "_jackforster",
      "string_list_data": [
        {
          "timestamp": 1741378909
        }
      ]
    },
    {
      "title": "tinamon9",
      "string_list_data": [
        {
          "timestamp": 1741366499
        }
      ]
    },
    {
      "title": "lewishamilton",
      "string_list_data": [
        {
          "timestamp": 1741364976
        }
      ]
    },
    {
      "title": "jackson_gardners_friend_luke",
      "string_list_data": [
        {
          "timestamp": 1741190455
        }
      ]
    },
    {
      "title": "jackson_gardners_friend_luke",
      "string_list_data": [
        {
          "timestamp": 1741190446
        }
      ]
    },
    {
      "title": "_jackforster",
      "string_list_data": [
        {
          "timestamp": 1741190024
        }
      ]
    },
    {
      "title": "deklyng",
      "string_list_data": [
        {
          "timestamp": 1741188806
        }
      ]
    },
    {
      "title": "18003llab",
      "string_list_data": [
        {
          "timestamp": 1741142986
        }
      ]
    },
    {
      "title": "deklyng",
      "string_list_data": [
        {
          "timestamp": 1740837082
        }
      ]
    },
    {
      "title": "rrrileystein",
      "string_list_data": [
        {
          "timestamp": 1740718535
        }
      ]
    },
    {
      "title": "guileg95",
      "string_list_data": [
        {
          "timestamp": 1740680738
        }
      ]
    },
    {
      "title": "somebunniescare",
      "string_list_data": [
        {
          "timestamp": 1740680733
        }
      ]
    },
    {
      "title": "somebunniescare",
      "string_list_data": [
        {
          "timestamp": 1740503608
        }
      ]
    },
    {
      "title": "annietavaf",
      "string_list_data": [
        {
          "timestamp": 1740268608
        }
      ]
    },
    {
      "title": "mal4z",
      "string_list_data": [
        {
          "timestamp": 1740260895
        }
      ]
    },
    {
      "title": "kendall__wood",
      "string_list_data": [
        {
          "timestamp": 1740260886
        }
      ]
    },
    {
      "title": "hhaylah",
      "string_list_data": [
        {
          "timestamp": 1740189492
        }
      ]
    },
    {
      "title": "lilycollias",
      "string_list_data": [
        {
          "timestamp": 1740189437
        }
      ]
    },
    {
      "title": "kendall__wood",
      "string_list_data": [
        {
          "timestamp": 1740145361
        }
      ]
    },
    {
      "title": "lucaishere_hi",
      "string_list_data": [
        {
          "timestamp": 1740082393
        }
      ]
    },
    {
      "title": "jetryden",
      "string_list_data": [
        {
          "timestamp": 1739770345
        }
      ]
    },
    {
      "title": "_.juliatop._",
      "string_list_data": [
        {
          "timestamp": 1739679201
        }
      ]
    },
    {
      "title": "somebunniescare",
      "string_list_data": [
        {
          "timestamp": 1739660069
        }
      ]
    },
    {
      "title": "justintavaf",
      "string_list_data": [
        {
          "timestamp": 1739643801
        }
      ]
    },
    {
      "title": "rrrileystein",
      "string_list_data": [
        {
          "timestamp": 1739627078
        }
      ]
    },
    {
      "title": "jetryden",
      "string_list_data": [
        {
          "timestamp": 1739598628
        }
      ]
    },
    {
      "title": "tinamon9",
      "string_list_data": [
        {
          "timestamp": 1739584199
        }
      ]
    },
    {
      "title": "trueunoo",
      "string_list_data": [
        {
          "timestamp": 1739584149
        }
      ]
    },
    {
      "title": "annietavaf",
      "string_list_data": [
        {
          "timestamp": 1739583087
        }
      ]
    },
    {
      "title": "paul_corvin0",
      "string_list_data": [
        {
          "timestamp": 1739583069
        }
      ]
    },
    {
      "title": "trueunoo",
      "string_list_data": [
        {
          "timestamp": 1739332990
        }
      ]
    },
    {
      "title": "juliusuuriah",
      "string_list_data": [
        {
          "timestamp": 1739317147
        }
      ]
    },
    {
      "title": "deklyns_files",
      "string_list_data": [
        {
          "timestamp": 1739304563
        }
      ]
    },
    {
      "title": "alexezhari",
      "string_list_data": [
        {
          "timestamp": 1739146588
        }
      ]
    }
  ]
}