{
  "searches_user": [
    {
      "title": "justintavaf",
      "string_list_data": [
        {
          "href": "https://www.instagram.com/_u/justintavaf",
          "timestamp": 1770131975
        }
      ]
    },
    {
      "title": "mk4don",
      "string_list_data": [
        {
          "href": "https://www.instagram.com/_u/mk4don",
          "timestamp": 1770140926
        }
      ]
    },
    {
      "title": "instamashii",
      "string_list_data": [
        {
          "href": "https://www.instagram.com/_u/instamashii",
          "timestamp": 1770140930
        }
      ]
    },
    {
      "title": "doof.closet",
      "string_list_data": [
        {
          "href": "https://www.instagram.com/_u/doof.closet",
          "timestamp": 1770131991
        }
      ]
    },
    {
      "title": "toysoffury",
      "string_list_data": [
        {
          "href": "https://www.instagram.com/_u/toysoffury",
          "timestamp": 1770653454
        }
      ]
    },
    {
      "title": "messtoys",
      "string_list_data": [
        {
          "href": "https://www.instagram.com/_u/messtoys",
          "timestamp": 1770653465
        }
      ]
    }
  ]
}