[
  {
    "timestamp": 1770392491,
    "media": [
      
    ],
    "label_values": [
      {
        "label": "Website link you visited",
        "value": "https://www.camelbackresort.com/book-and-save?utm_source=meta&utm_medium=paid_social&utm_campaign=2026_lodge_sales&utm_content=static&utm_id=120237787298310498&utm_term=120237787298290498&fbclid=PAZXh0bgNhZW0BMABhZGlkAasroZvpzwJzcnRjBmFwcF9pZA8xMjQwMjQ1NzQyODc0MTQAAaefPOI29rGrOf_qGPYNjXNpxGqyk5aRu0YN3gURkX05jHSBuy78-ly0ju6UNw_aem_9aF2AwyCJM-UrHYCHm_R3A"
      },
      {
        "label": "Title of website page you visited",
        "value": "Poconos Book Early and Save | Camelback Resort"
      },
      {
        "label": "Website session start time",
        "value": "Feb 06, 2026 7:41:29am"
      },
      {
        "label": "Website session end time",
        "value": "Feb 06, 2026 7:41:31am"
      }
    ],
    "fbid": "17841400735560453:6157832D-D204-41F3-A698-C8CF15128640:1770392489600"
  },
  {
    "timestamp": 1770238973,
    "media": [
      
    ],
    "label_values": [
      {
        "label": "Website link you visited",
        "value": "https://pay.lepetitchef.com/c/pay/cs_live_a1SJRjRrZvs68GMyCsvdRDNeqkhfVHpvbSIA2AIwS7Djnv9VZMpjSfe2sr?utm_medium=paid&utm_source=ig&utm_id=120238574058080611_v2_s09_e7453&utm_content=120238574086170611&utm_term=120238574058080611&utm_campaign=120238574058100611&fbclid=PAZXh0bgNhZW0BMABhZGlkAassWJoSsVNzcnRjBmFwcF9pZA8xMjQwMjQ1NzQyODc0MTQAAaeAU42-DBAtrLWzLnvtlzKnO4ej7Er_hnBsftkKbaDziRa3a-P2OmAH3xnPSg_aem_hvmBZ77JPHj8lfouQH9oIA#fidnandhYHdWcXxpYCc%2FJ2FgY2RwaXEnKSdkdWxOYHwnPyd1blppbHNgWk9UZz08QUZgNE5kNFA0bUdBZjZqZHJvNDU1SE1SfFMwfVInKSdjd2poVmB3c2B3Jz9xd3BgKSdnZGZuYndqcGthRmppancnPycmY2NjY2NjJyknaWR8anBxUXx1YCc%2FJ3Zsa2JpYFpscWBoJyknYGtkZ2lgVWlkZmBtamlhYHd2Jz9xd3BgeCUl"
      },
      {
        "label": "Title of website page you visited",
        "value": "2Spicy Entertainment GmbH"
      },
      {
        "label": "Website session start time",
        "value": "Feb 04, 2026 1:02:33pm"
      },
      {
        "label": "Website session end time",
        "value": "Feb 04, 2026 1:02:53pm"
      }
    ],
    "fbid": "17841400735560453:28CB10B9-158F-446E-8B48-3DB0FCD0F9B4:1770238953211"
  },
  {
    "timestamp": 1770238953,
    "media": [
      
    ],
    "label_values": [
      {
        "label": "Website link you visited",
        "value": "https://booking.lepetitchef.com/new-york/2-pax-on-12-02-2026-at-8-00-PM?utm_medium=paid&utm_source=ig&utm_id=120238574058080611_v2_s09_e7453&utm_content=120238574086170611&utm_term=120238574058080611&utm_campaign=120238574058100611&fbclid=PAZXh0bgNhZW0BMABhZGlkAassWJoSsVNzcnRjBmFwcF9pZA8xMjQwMjQ1NzQyODc0MTQAAaeAU42-DBAtrLWzLnvtlzKnO4ej7Er_hnBsftkKbaDziRa3a-P2OmAH3xnPSg_aem_hvmBZ77JPHj8lfouQH9oIA"
      },
      {
        "label": "Title of website page you visited",
        "value": "Hyatt Herald Square NYC - Le Petit Chef - Book Now"
      },
      {
        "label": "Website session start time",
        "value": "Feb 04, 2026 1:01:49pm"
      },
      {
        "label": "Website session end time",
        "value": "Feb 04, 2026 1:02:33pm"
      }
    ],
    "fbid": "17841400735560453:28CB10B9-158F-446E-8B48-3DB0FCD0F9B4:1770238909587"
  },
  {
    "timestamp": 1770238909,
    "media": [
      
    ],
    "label_values": [
      {
        "label": "Website link you visited",
        "value": "https://booking.lepetitchef.com/new-york/08-2025/2-pax?_gl=1%2A1exp8ri%2A_ga%2ANjQwNzM3MDc4LjE3NzAyMzg3NDI.%2A_ga_P69RXEW9GB%2AczE3NzAyMzg3MzAkbzEkZzEkdDE3NzAyMzg4NTgkajU5JGwwJGgxNDI3NTk1OTUy%2A_fplc%2ASE01dGolMkJYYU9walMxY1VYQlppNlZqMTZWbVRJdVRJdERMcDFLSmMySFRmVXprUiUyRm85TzdRaG5GQnN1RkFZVHlVT2p0NXpzTUhmVll3aHRRQ2p1UjBLZVk3WEVLaTAlMkJDZEx5R3dkVXE1UEh1V3E5YWdmVHRjT2J4NVBEcFRnJTNEJTNE%2A_gcl_au%2AMTEwMzMyNTI0NS4xNzcwMjM4NzQy%2AFPAU%2AOTA1NjMxNzUwLjE3NzAyMzg3MzA.&utm_medium=paid&utm_source=ig&utm_id=120238574058080611_v2_s09_e7453&utm_content=120238574086170611&utm_term=120238574058080611&utm_campaign=120238574058100611&fbclid=PAZXh0bgNhZW0BMABhZGlkAassWJoSsVNzcnRjBmFwcF9pZA8xMjQwMjQ1NzQyODc0MTQAAaeAU42-DBAtrLWzLnvtlzKnO4ej7Er_hnBsftkKbaDziRa3a-P2OmAH3xnPSg_aem_hvmBZ77JPHj8lfouQH9oIA"
      },
      {
        "label": "Title of website page you visited",
        "value": "Hyatt Herald Square NYC - Le Petit Chef - Book Now"
      },
      {
        "label": "Website session start time",
        "value": "Feb 04, 2026 1:01:17pm"
      },
      {
        "label": "Website session end time",
        "value": "Feb 04, 2026 1:01:49pm"
      }
    ],
    "fbid": "17841400735560453:28CB10B9-158F-446E-8B48-3DB0FCD0F9B4:1770238877362"
  },
  {
    "timestamp": 1770238762,
    "media": [
      
    ],
    "label_values": [
      {
        "label": "Website link you visited",
        "value": "https://www.hyatt.com/hyatt-hotels/en-US/nychh-hyatt-herald-square-new-york?src=corp_lclb_google_seo_nychh&utm_source=google&utm_medium=organic&utm_campaign=lmr"
      },
      {
        "label": "Title of website page you visited",
        "value": "Unique & Fun Dining Experience in New York | Le Petit Chef"
      },
      {
        "label": "Website session start time",
        "value": "Feb 04, 2026 12:59:20pm"
      },
      {
        "label": "Website session end time",
        "value": "Feb 04, 2026 12:59:22pm"
      }
    ],
    "fbid": "17841400735560453:28CB10B9-158F-446E-8B48-3DB0FCD0F9B4:1770238760067"
  },
  {
    "timestamp": 1770238760,
    "media": [
      
    ],
    "label_values": [
      {
        "label": "Website link you visited",
        "value": "https://www.hyatt.com/en-US/hotel/new-york/hyatt-herald-square-new-york/nychh?src=corp_lclb_google_seo_nychh&utm_source=google&utm_medium=organic&utm_campaign=lmr"
      },
      {
        "label": "Title of website page you visited",
        "value": ""
      },
      {
        "label": "Website session start time",
        "value": "Feb 04, 2026 12:59:18pm"
      },
      {
        "label": "Website session end time",
        "value": "Feb 04, 2026 12:59:20pm"
      }
    ],
    "fbid": "17841400735560453:28CB10B9-158F-446E-8B48-3DB0FCD0F9B4:1770238758620"
  },
  {
    "timestamp": 1770238758,
    "media": [
      
    ],
    "label_values": [
      {
        "label": "Website link you visited",
        "value": "https://lepetitchef.com/new-york?utm_medium=paid&utm_source=ig&utm_id=120238574058080611_v2_s09_e7453&utm_content=120238574086170611&utm_term=120238574058080611&utm_campaign=120238574058100611&fbclid=PAZXh0bgNhZW0BMABhZGlkAassWJoSsVNzcnRjBmFwcF9pZA8xMjQwMjQ1NzQyODc0MTQAAaeAU42-DBAtrLWzLnvtlzKnO4ej7Er_hnBsftkKbaDziRa3a-P2OmAH3xnPSg_aem_hvmBZ77JPHj8lfouQH9oIA"
      },
      {
        "label": "Title of website page you visited",
        "value": ""
      },
      {
        "label": "Website session start time",
        "value": "Feb 04, 2026 12:59:01pm"
      },
      {
        "label": "Website session end time",
        "value": "Feb 04, 2026 12:59:18pm"
      }
    ],
    "fbid": "17841400735560453:28CB10B9-158F-446E-8B48-3DB0FCD0F9B4:1770238741117"
  },
  {
    "timestamp": 1770238741,
    "media": [
      
    ],
    "label_values": [
      {
        "label": "Website link you visited",
        "value": "https://lepetitchef.com/?utm_medium=paid&utm_source=ig&utm_id=120238574058080611_v2_s09_e7453&utm_content=120238574086170611&utm_term=120238574058080611&utm_campaign=120238574058100611&fbclid=PAZXh0bgNhZW0BMABhZGlkAassWJoSsVNzcnRjBmFwcF9pZA8xMjQwMjQ1NzQyODc0MTQAAaeAU42-DBAtrLWzLnvtlzKnO4ej7Er_hnBsftkKbaDziRa3a-P2OmAH3xnPSg_aem_hvmBZ77JPHj8lfouQH9oIA"
      },
      {
        "label": "Title of website page you visited",
        "value": ""
      },
      {
        "label": "Website session start time",
        "value": "Feb 04, 2026 12:58:48pm"
      },
      {
        "label": "Website session end time",
        "value": "Feb 04, 2026 12:59:01pm"
      }
    ],
    "fbid": "17841400735560453:28CB10B9-158F-446E-8B48-3DB0FCD0F9B4:1770238728435"
  },
  {
    "timestamp": 1770130270,
    "media": [
      
    ],
    "label_values": [
      {
        "label": "Website link you visited",
        "value": "https://feverup.com/en/los-angeles/candlelight/?highlight=556277&utm_source=Instagram_Feed&utm_medium=ad_smartly_cbo&utm_campaign=556277_lax&ad_id=120243477761880715&utm_id=120243063785990715&utm_content=120243477761880715&utm_term=120243063819770715&fbclid=PAZXh0bgNhZW0BMABhZGlkAaswzmHfm9tzcnRjBmFwcF9pZA8xMjQwMjQ1NzQyODc0MTQAAaeoifJsF5bjIhMQG8E7qD5S0S1VdI30BEXcIYmjs0uGpQWtRbMFOc1YNCHSpA_aem_KOo6EvVztojOC7tnEBN9Xg"
      },
      {
        "label": "Title of website page you visited",
        "value": "\u00f0\u009f\u008e\u00bb Candlelight Concerts in Los Angeles Tickets 2026 | Fever"
      },
      {
        "label": "Website session start time",
        "value": "Feb 03, 2026 6:51:07am"
      },
      {
        "label": "Website session end time",
        "value": "Feb 03, 2026 6:51:10am"
      }
    ],
    "fbid": "17841400735560453:72DC77F3-667D-4225-9F94-CCD1630A2557:1770130267867"
  },
  {
    "timestamp": 1769448923,
    "media": [
      
    ],
    "label_values": [
      {
        "label": "Website link you visited",
        "value": "https://cirrussocialclub.com/"
      },
      {
        "label": "Title of website page you visited",
        "value": "Cirrus Social Club | Upscale Cannabis Lounge in Denver"
      },
      {
        "label": "Website session start time",
        "value": "Jan 26, 2026 9:35:07am"
      },
      {
        "label": "Website session end time",
        "value": "Jan 26, 2026 9:35:23am"
      }
    ],
    "fbid": "17841400735560453:41EF7FEF-4219-4CED-B3FA-4B38E8659160:1769448907813"
  },
  {
    "timestamp": 1769448907,
    "media": [
      
    ],
    "label_values": [
      {
        "label": "Website link you visited",
        "value": "http://www.cirrussocialclub.com/"
      },
      {
        "label": "Title of website page you visited",
        "value": ""
      },
      {
        "label": "Website session start time",
        "value": "Jan 26, 2026 9:35:07am"
      },
      {
        "label": "Website session end time",
        "value": "Jan 26, 2026 9:35:07am"
      }
    ],
    "fbid": "17841400735560453:41EF7FEF-4219-4CED-B3FA-4B38E8659160:1769448907629"
  },
  {
    "timestamp": 1769395708,
    "media": [
      
    ],
    "label_values": [
      {
        "label": "Website link you visited",
        "value": "https://www.youtube.com/watch?v=cT8j0CuIGzo&time_continue=0&source_ve_path=NzY3NTg&embeds_referring_euri=https%3A%2F%2Fwww.frommdesign.com%2F"
      },
      {
        "label": "Title of website page you visited",
        "value": ""
      },
      {
        "label": "Website session start time",
        "value": "Jan 25, 2026 6:48:28pm"
      },
      {
        "label": "Website session end time",
        "value": "Jan 25, 2026 6:48:28pm"
      }
    ],
    "fbid": "17841400735560453:ABD3B242-D16E-4886-A168-0C73D2F6BA2E:1769395708033"
  },
  {
    "timestamp": 1769395700,
    "media": [
      
    ],
    "label_values": [
      {
        "label": "Website link you visited",
        "value": "https://www.frommdesign.com/?utm_source=ig&utm_medium=social&utm_content=link_in_bio&fbclid=PAZXh0bgNhZW0CMTEAc3J0YwZhcHBfaWQPMTI0MDI0NTc0Mjg3NDE0AAGn6gyqRytDyNuh64tAq0to461mMKVYE759axlr-_vVBinhoTTWqzBOkSOSn5U_aem__mjY_-kQ8AipVmAMtt__Yg"
      },
      {
        "label": "Title of website page you visited",
        "value": "FROMM DESIGN"
      },
      {
        "label": "Website session start time",
        "value": "Jan 25, 2026 6:48:13pm"
      },
      {
        "label": "Website session end time",
        "value": "Jan 25, 2026 6:48:20pm"
      }
    ],
    "fbid": "17841400735560453:ABD3B242-D16E-4886-A168-0C73D2F6BA2E:1769395693266"
  },
  {
    "timestamp": 1769395693,
    "media": [
      
    ],
    "label_values": [
      {
        "label": "Website link you visited",
        "value": "http://frommdesign.com/?utm_source=ig&utm_medium=social&utm_content=link_in_bio&fbclid=PAZXh0bgNhZW0CMTEAc3J0YwZhcHBfaWQPMTI0MDI0NTc0Mjg3NDE0AAGn6gyqRytDyNuh64tAq0to461mMKVYE759axlr-_vVBinhoTTWqzBOkSOSn5U_aem__mjY_-kQ8AipVmAMtt__Yg"
      },
      {
        "label": "Title of website page you visited",
        "value": ""
      },
      {
        "label": "Website session start time",
        "value": "Jan 25, 2026 6:48:13pm"
      },
      {
        "label": "Website session end time",
        "value": "Jan 25, 2026 6:48:13pm"
      }
    ],
    "fbid": "17841400735560453:ABD3B242-D16E-4886-A168-0C73D2F6BA2E:1769395693115"
  }
]