{
  "contacts_contact_info": [
    {
      "string_map_data": {
        "First Name": {
          "value": "Klye"
        },
        "Contact Information": {
          "value": "3109033746"
        }
      }
    },
    {
      "string_map_data": {
        "First Name": {
          "value": "Diego"
        },
        "Contact Information": {
          "value": "7039019686"
        }
      }
    },
    {
      "string_map_data": {
        "First Name": {
          "value": "Luca"
        },
        "Last Name": {
          "value": "Park Centruy"
        },
        "Contact Information": {
          "value": "dbibawi@yahoo.com"
        }
      }
    },
    {
      "string_map_data": {
        "First Name": {
          "value": "Omri"
        },
        "Contact Information": {
          "value": "8186420224"
        }
      }
    },
    {
      "string_map_data": {
        "First Name": {
          "value": "Tommy"
        },
        "Contact Information": {
          "value": "tomsimpsontube@gmail.com"
        }
      }
    },
    {
      "string_map_data": {
        "First Name": {
          "value": "Erika"
        },
        "Last Name": {
          "value": "Smith"
        },
        "Contact Information": {
          "value": "4432894982"
        }
      }
    },
    {
      "string_map_data": {
        "First Name": {
          "value": "Miles"
        },
        "Contact Information": {
          "value": "7205269894"
        }
      }
    },
    {
      "string_map_data": {
        "First Name": {
          "value": "Lucas"
        },
        "Contact Information": {
          "value": "3102667101"
        }
      }
    },
    {
      "string_map_data": {
        "First Name": {
          "value": "Nora"
        },
        "Last Name": {
          "value": "Rentt"
        },
        "Contact Information": {
          "value": "3107792113"
        }
      }
    },
    {
      "string_map_data": {
        "First Name": {
          "value": "Dhani Dude"
        },
        "Contact Information": {
          "value": "dhanijlynch@gmail.com"
        }
      }
    },
    {
      "string_map_data": {
        "First Name": {
          "value": "Roland"
        },
        "Last Name": {
          "value": "Ash"
        },
        "Contact Information": {
          "value": "3108467644"
        }
      }
    },
    {
      "string_map_data": {
        "First Name": {
          "value": "Noah"
        },
        "Contact Information": {
          "value": "736noah@gmail.com"
        }
      }
    },
    {
      "string_map_data": {
        "First Name": {
          "value": "Besto"
        },
        "Last Name": {
          "value": "Friend"
        },
        "Contact Information": {
          "value": "3109623133"
        }
      }
    },
    {
      "string_map_data": {
        "First Name": {
          "value": "Bbeenn"
        },
        "Contact Information": {
          "value": "4242895735"
        }
      }
    },
    {
      "string_map_data": {
        "First Name": {
          "value": "Mom\u00f0\u009f\u0091\u008d\u00f0\u009f\u008f\u00bd"
        },
        "Contact Information": {
          "value": "3109913350"
        }
      }
    },
    {
      "string_map_data": {
        "First Name": {
          "value": "Dad - Sina"
        },
        "Last Name": {
          "value": "Monjazeb"
        },
        "Contact Information": {
          "value": "3105691274"
        }
      }
    },
    {
      "string_map_data": {
        "First Name": {
          "value": "Papa"
        },
        "Contact Information": {
          "value": "3109222860"
        }
      }
    },
    {
      "string_map_data": {
        "First Name": {
          "value": "Evildomo77"
        },
        "Contact Information": {
          "value": "fiercebuddha@me.com"
        }
      }
    },
    {
      "string_map_data": {
        "First Name": {
          "value": "Kai"
        },
        "Last Name": {
          "value": "Sandy Days"
        },
        "Contact Information": {
          "value": "kaigogerchin@icloud.com"
        }
      }
    },
    {
      "string_map_data": {
        "First Name": {
          "value": "Me"
        },
        "Last Name": {
          "value": "Bad Ass"
        },
        "Contact Information": {
          "value": "4243169182"
        }
      }
    },
    {
      "string_map_data": {
        "First Name": {
          "value": "Izzy"
        },
        "Contact Information": {
          "value": "3238778185"
        }
      }
    },
    {
      "string_map_data": {
        "First Name": {
          "value": "Goli\u00f0\u009f\u00a6\u0084"
        },
        "Contact Information": {
          "value": "3109226583"
        }
      }
    },
    {
      "string_map_data": {
        "First Name": {
          "value": "Royce \u00f0\u009f\u0091\u0085\u00f0\u009f\u0091\u0080"
        },
        "Contact Information": {
          "value": "3109558564"
        }
      }
    },
    {
      "string_map_data": {
        "First Name": {
          "value": "Eva"
        },
        "Contact Information": {
          "value": "8184273893"
        }
      }
    },
    {
      "string_map_data": {
        "First Name": {
          "value": "Ben"
        },
        "Last Name": {
          "value": "Weitz\u00f0\u009f\u00a7\u009b\u00f0\u009f\u008f\u00bf\u00e2\u0080\u008d\u00e2\u0099\u0082\u00ef\u00b8\u008f"
        },
        "Contact Information": {
          "value": "3109684998"
        }
      }
    },
    {
      "string_map_data": {
        "First Name": {
          "value": "Colton"
        },
        "Contact Information": {
          "value": "3107532379"
        }
      }
    },
    {
      "string_map_data": {
        "First Name": {
          "value": "Bernie "
        },
        "Last Name": {
          "value": "Lavender "
        },
        "Contact Information": {
          "value": "8183185440"
        }
      }
    },
    {
      "string_map_data": {
        "First Name": {
          "value": "Sue"
        },
        "Last Name": {
          "value": "Kaufman"
        },
        "Contact Information": {
          "value": "3109889592"
        }
      }
    },
    {
      "string_map_data": {
        "First Name": {
          "value": "Theo"
        },
        "Contact Information": {
          "value": "3107452523"
        }
      }
    },
    {
      "string_map_data": {
        "First Name": {
          "value": "Charlie"
        },
        "Contact Information": {
          "value": "3105696480"
        }
      }
    },
    {
      "string_map_data": {
        "First Name": {
          "value": "Josh"
        },
        "Contact Information": {
          "value": "8188253281"
        }
      }
    },
    {
      "string_map_data": {
        "First Name": {
          "value": "Brian\u00f0\u009f\u0091\u00a8\u00e2\u0080\u008d\u00e2\u009c\u0088\u00ef\u00b8\u008f"
        },
        "Contact Information": {
          "value": "3106254695"
        }
      }
    },
    {
      "string_map_data": {
        "First Name": {
          "value": "Mark "
        },
        "Last Name": {
          "value": "The Theraspist"
        },
        "Contact Information": {
          "value": "3109279931"
        }
      }
    },
    {
      "string_map_data": {
        "First Name": {
          "value": "Teacher"
        },
        "Last Name": {
          "value": "Teacherslastname"
        },
        "Contact Information": {
          "value": "4242976595"
        }
      }
    },
    {
      "string_map_data": {
        "First Name": {
          "value": "Charchar"
        },
        "Last Name": {
          "value": "Dog"
        },
        "Contact Information": {
          "value": "3105603062"
        }
      }
    },
    {
      "string_map_data": {
        "First Name": {
          "value": "Grandy"
        },
        "Last Name": {
          "value": "Stern"
        },
        "Contact Information": {
          "value": "3108504234"
        }
      }
    },
    {
      "string_map_data": {
        "First Name": {
          "value": "Rasist"
        },
        "Contact Information": {
          "value": "3104820124"
        }
      }
    },
    {
      "string_map_data": {
        "First Name": {
          "value": "Anthony"
        },
        "Last Name": {
          "value": "Lieberman"
        },
        "Contact Information": {
          "value": "3109275302"
        }
      }
    },
    {
      "string_map_data": {
        "First Name": {
          "value": "Taylor"
        },
        "Contact Information": {
          "value": "9095524681"
        }
      }
    },
    {
      "string_map_data": {
        "First Name": {
          "value": "Haley"
        },
        "Last Name": {
          "value": "Konheim"
        },
        "Contact Information": {
          "value": "8185990092"
        }
      }
    },
    {
      "string_map_data": {
        "First Name": {
          "value": "Azi"
        },
        "Contact Information": {
          "value": "3109208631"
        }
      }
    },
    {
      "string_map_data": {
        "First Name": {
          "value": "Seth"
        },
        "Contact Information": {
          "value": "8184971120"
        }
      }
    },
    {
      "string_map_data": {
        "First Name": {
          "value": "Sara"
        },
        "Last Name": {
          "value": "Weitz"
        },
        "Contact Information": {
          "value": "3109680255"
        }
      }
    },
    {
      "string_map_data": {
        "First Name": {
          "value": "Owen"
        },
        "Last Name": {
          "value": "Stuart"
        },
        "Contact Information": {
          "value": "stevenfstuart@gmail.com"
        }
      }
    },
    {
      "string_map_data": {
        "First Name": {
          "value": "Alex"
        },
        "Contact Information": {
          "value": "3104875775"
        }
      }
    },
    {
      "string_map_data": {
        "First Name": {
          "value": "Ashton"
        },
        "Last Name": {
          "value": "Soleiman"
        },
        "Contact Information": {
          "value": "drumrace@icloud.com"
        }
      }
    },
    {
      "string_map_data": {
        "First Name": {
          "value": "Addison"
        },
        "Contact Information": {
          "value": "addisonkruse@gmail.com"
        }
      }
    },
    {
      "string_map_data": {
        "First Name": {
          "value": "Moms Home Phone"
        },
        "Contact Information": {
          "value": "4243878120"
        }
      }
    },
    {
      "string_map_data": {
        "First Name": {
          "value": "Nora"
        },
        "Last Name": {
          "value": "Rentt"
        },
        "Contact Information": {
          "value": "3108296096"
        }
      }
    },
    {
      "string_map_data": {
        "First Name": {
          "value": "Mathilda"
        },
        "Contact Information": {
          "value": "9178483145@vtext.com"
        }
      }
    },
    {
      "string_map_data": {
        "First Name": {
          "value": "Starr"
        },
        "Contact Information": {
          "value": "3107179736"
        }
      }
    },
    {
      "string_map_data": {
        "First Name": {
          "value": "Tyler"
        },
        "Contact Information": {
          "value": "3237704130"
        }
      }
    },
    {
      "string_map_data": {
        "First Name": {
          "value": "Login"
        },
        "Contact Information": {
          "value": "3107495517"
        }
      }
    },
    {
      "string_map_data": {
        "First Name": {
          "value": "Amin"
        },
        "Last Name": {
          "value": "Tavaf"
        },
        "Contact Information": {
          "value": "3106944577"
        }
      }
    },
    {
      "string_map_data": {
        "First Name": {
          "value": "Tina"
        },
        "Last Name": {
          "value": "Tavaf\u00f0\u009f\u0098\u0080"
        },
        "Contact Information": {
          "value": "3104669983"
        }
      }
    },
    {
      "string_map_data": {
        "First Name": {
          "value": "Bader"
        },
        "Contact Information": {
          "value": "3106178295"
        }
      }
    },
    {
      "string_map_data": {
        "First Name": {
          "value": "Nima"
        },
        "Last Name": {
          "value": "Tavaf\u00f0\u009f\u0098\u008e"
        },
        "Contact Information": {
          "value": "3109902577"
        }
      }
    },
    {
      "string_map_data": {
        "First Name": {
          "value": "Lawson"
        },
        "Contact Information": {
          "value": "4247775561"
        }
      }
    },
    {
      "string_map_data": {
        "First Name": {
          "value": "Gram"
        },
        "Contact Information": {
          "value": "3106223357"
        }
      }
    },
    {
      "string_map_data": {
        "First Name": {
          "value": "Jason\u00f0\u009f\u00a6\u0086"
        },
        "Contact Information": {
          "value": "3108838183"
        }
      }
    },
    {
      "string_map_data": {
        "First Name": {
          "value": "Sue"
        },
        "Last Name": {
          "value": "Kaufman"
        },
        "Contact Information": {
          "value": "3104589086"
        }
      }
    },
    {
      "string_map_data": {
        "First Name": {
          "value": "Goli\u00f0\u009f\u00a6\u0084"
        },
        "Contact Information": {
          "value": "3102601130"
        }
      }
    },
    {
      "string_map_data": {
        "First Name": {
          "value": "Kylie"
        },
        "Last Name": {
          "value": "Raw"
        },
        "Contact Information": {
          "value": "3109033749"
        }
      }
    },
    {
      "string_map_data": {
        "First Name": {
          "value": "Bowan"
        },
        "Contact Information": {
          "value": "3105086830"
        }
      }
    },
    {
      "string_map_data": {
        "First Name": {
          "value": "Joseph"
        },
        "Contact Information": {
          "value": "3105919676"
        }
      }
    },
    {
      "string_map_data": {
        "First Name": {
          "value": "Owen"
        },
        "Last Name": {
          "value": "For Real\u00f0\u009f\u0087\u00b9\u00f0\u009f\u0087\u00ad"
        },
        "Contact Information": {
          "value": "3107102467"
        }
      }
    },
    {
      "string_map_data": {
        "First Name": {
          "value": "Elia"
        },
        "Last Name": {
          "value": "Rubinsteen\u00f0\u009f\u00a4\u0093\u00f0\u009f\u00a7\u0090"
        },
        "Contact Information": {
          "value": "3103109987"
        }
      }
    },
    {
      "string_map_data": {
        "First Name": {
          "value": "Ross"
        },
        "Contact Information": {
          "value": "3104223235"
        }
      }
    },
    {
      "string_map_data": {
        "First Name": {
          "value": "Jake"
        },
        "Last Name": {
          "value": "Paul"
        },
        "Contact Information": {
          "value": "3108703349"
        }
      }
    },
    {
      "string_map_data": {
        "First Name": {
          "value": "Nick Raddon"
        },
        "Contact Information": {
          "value": "3104010070"
        }
      }
    },
    {
      "string_map_data": {
        "First Name": {
          "value": "Just Anna\u00f0\u009f\u00a4\u00ac\u00f0\u009f\u0096\u0095\u00f0\u009f\u008f\u00be"
        },
        "Contact Information": {
          "value": "4243168401"
        }
      }
    },
    {
      "string_map_data": {
        "First Name": {
          "value": "Dad - Sina"
        },
        "Last Name": {
          "value": "Monjazeb"
        },
        "Contact Information": {
          "value": "3104547306"
        }
      }
    },
    {
      "string_map_data": {
        "First Name": {
          "value": "Ben/cus"
        },
        "Last Name": {
          "value": "\u00f0\u009f\u0098\u008b"
        },
        "Contact Information": {
          "value": "2132477817"
        }
      }
    },
    {
      "string_map_data": {
        "First Name": {
          "value": "David"
        },
        "Last Name": {
          "value": "Setareh"
        },
        "Contact Information": {
          "value": "3106991178"
        }
      }
    },
    {
      "string_map_data": {
        "First Name": {
          "value": "Baba"
        },
        "Contact Information": {
          "value": "3104334720"
        }
      }
    },
    {
      "string_map_data": {
        "First Name": {
          "value": "Tommy2.0"
        },
        "Contact Information": {
          "value": "tommysimpson5@icloud.com"
        }
      }
    },
    {
      "string_map_data": {
        "Contact Information": {
          "value": "3108905647"
        }
      }
    },
    {
      "string_map_data": {
        "First Name": {
          "value": "Brian"
        },
        "Contact Information": {
          "value": "3109225693"
        }
      }
    },
    {
      "string_map_data": {
        "First Name": {
          "value": "Truman"
        },
        "Contact Information": {
          "value": "3103832389"
        }
      }
    },
    {
      "string_map_data": {
        "First Name": {
          "value": "Naz"
        },
        "Contact Information": {
          "value": "8189434075"
        }
      }
    },
    {
      "string_map_data": {
        "First Name": {
          "value": "Katherine\u00f0\u009f\u0091\u00a9\u00f0\u009f\u008f\u00bb\u00e2\u0080\u008d\u00f0\u009f\u008e\u00a4"
        },
        "Contact Information": {
          "value": "2132594336"
        }
      }
    },
    {
      "string_map_data": {
        "First Name": {
          "value": "Lucky"
        },
        "Contact Information": {
          "value": "3104691883"
        }
      }
    },
    {
      "string_map_data": {
        "First Name": {
          "value": "Bowan"
        },
        "Contact Information": {
          "value": "bowansheinberg@gmail.com"
        }
      }
    },
    {
      "string_map_data": {
        "First Name": {
          "value": "Da Guy"
        },
        "Contact Information": {
          "value": "3106946097"
        }
      }
    },
    {
      "string_map_data": {
        "First Name": {
          "value": "Sammy"
        },
        "Contact Information": {
          "value": "8183170727"
        }
      }
    },
    {
      "string_map_data": {
        "First Name": {
          "value": "Kavi"
        },
        "Contact Information": {
          "value": "kavi@igc.org"
        }
      }
    },
    {
      "string_map_data": {
        "First Name": {
          "value": "Keon"
        },
        "Contact Information": {
          "value": "3109943065"
        }
      }
    },
    {
      "string_map_data": {
        "First Name": {
          "value": "Jake\u00f0\u009f\u0098\u0090\u00f0\u009f\u0098\u00b6"
        },
        "Contact Information": {
          "value": "3108243645"
        }
      }
    },
    {
      "string_map_data": {
        "First Name": {
          "value": "Better Izzy"
        },
        "Contact Information": {
          "value": "izzadorefarrell@gmail.com"
        }
      }
    },
    {
      "string_map_data": {
        "First Name": {
          "value": "Cheese Empress Of The Weed Bucket Hat \u00f0\u009f\u00a5\u00b6\u00f0\u009f\u00a4\u0092\u00f0\u009f\u0091\u008d\u00f0\u009f\u008f\u00bd\u00f0\u009f\u00a6\u00b7\u00f0\u009f\u00a7\u0091\u00f0\u009f\u008f\u00bf\u00e2\u0080\u008d\u00f0\u009f\u00a6\u00af\u00f0\u009f\u0091\u00a8\u00f0\u009f\u008f\u00bb\u00e2\u0080\u008d\u00f0\u009f\u00a6\u00bc"
        },
        "Contact Information": {
          "value": "3105258700"
        }
      }
    },
    {
      "string_map_data": {
        "First Name": {
          "value": "Boarding Pass"
        },
        "Contact Information": {
          "value": "cpcarswell4@aol.com"
        }
      }
    },
    {
      "string_map_data": {
        "First Name": {
          "value": "Amelie"
        },
        "Contact Information": {
          "value": "4243247740"
        }
      }
    },
    {
      "string_map_data": {
        "First Name": {
          "value": "lin"
        },
        "Contact Information": {
          "value": "3108579988"
        }
      }
    },
    {
      "string_map_data": {
        "First Name": {
          "value": "Jermy"
        },
        "Contact Information": {
          "value": "4242309914"
        }
      }
    },
    {
      "string_map_data": {
        "First Name": {
          "value": "Rose"
        },
        "Contact Information": {
          "value": "3107737549"
        }
      }
    },
    {
      "string_map_data": {
        "First Name": {
          "value": "Dex\u00f0\u009f\u00a7\u009a\u00f0\u009f\u008f\u00bf\u00e2\u0080\u008d\u00e2\u0099\u0082\u00ef\u00b8\u008f"
        },
        "Contact Information": {
          "value": "3108903922"
        }
      }
    },
    {
      "string_map_data": {
        "First Name": {
          "value": "Troy"
        },
        "Contact Information": {
          "value": "3236136939"
        }
      }
    },
    {
      "string_map_data": {
        "First Name": {
          "value": "Aunty"
        },
        "Last Name": {
          "value": "Em"
        },
        "Contact Information": {
          "value": "3109686708"
        }
      }
    },
    {
      "string_map_data": {
        "First Name": {
          "value": "Josh"
        },
        "Last Name": {
          "value": "Lewis"
        },
        "Contact Information": {
          "value": "8185154482"
        }
      }
    },
    {
      "string_map_data": {
        "First Name": {
          "value": "Leni"
        },
        "Contact Information": {
          "value": "3106060882"
        }
      }
    },
    {
      "string_map_data": {
        "Contact Information": {
          "value": "3103392579"
        }
      }
    },
    {
      "string_map_data": {
        "First Name": {
          "value": "Walter"
        },
        "Contact Information": {
          "value": "djwam@icloud.com"
        }
      }
    },
    {
      "string_map_data": {
        "First Name": {
          "value": "Mia"
        },
        "Contact Information": {
          "value": "3109228892"
        }
      }
    },
    {
      "string_map_data": {
        "Contact Information": {
          "value": "9542708608"
        }
      }
    },
    {
      "string_map_data": {
        "First Name": {
          "value": "Mathew"
        },
        "Contact Information": {
          "value": "3104985026"
        }
      }
    },
    {
      "string_map_data": {
        "First Name": {
          "value": "Erik"
        },
        "Contact Information": {
          "value": "3353381424@qq.com"
        }
      }
    },
    {
      "string_map_data": {
        "First Name": {
          "value": "Malin"
        },
        "Contact Information": {
          "value": "3108014582"
        }
      }
    },
    {
      "string_map_data": {
        "First Name": {
          "value": "Jack"
        },
        "Last Name": {
          "value": "Goodman"
        },
        "Contact Information": {
          "value": "3107800831"
        }
      }
    },
    {
      "string_map_data": {
        "First Name": {
          "value": "Jerrmy"
        },
        "Contact Information": {
          "value": "3109680566"
        }
      }
    },
    {
      "string_map_data": {
        "First Name": {
          "value": "Josie\u00f0\u009f\u0093\u00b9"
        },
        "Contact Information": {
          "value": "2137168664"
        }
      }
    },
    {
      "string_map_data": {
        "First Name": {
          "value": "Luke"
        },
        "Contact Information": {
          "value": "8053683274"
        }
      }
    },
    {
      "string_map_data": {
        "First Name": {
          "value": "Mara"
        },
        "Contact Information": {
          "value": "3104390542"
        }
      }
    },
    {
      "string_map_data": {
        "First Name": {
          "value": "Luca"
        },
        "Last Name": {
          "value": "Cobos"
        },
        "Contact Information": {
          "value": "3235099516"
        }
      }
    },
    {
      "string_map_data": {
        "First Name": {
          "value": "Ashton"
        },
        "Contact Information": {
          "value": "8185213751"
        }
      }
    },
    {
      "string_map_data": {
        "First Name": {
          "value": "Josie"
        },
        "Last Name": {
          "value": "Computer"
        },
        "Contact Information": {
          "value": "josiewardlombardo@icloud.com"
        }
      }
    },
    {
      "string_map_data": {
        "First Name": {
          "value": "Walter"
        },
        "Contact Information": {
          "value": "3105680227"
        }
      }
    },
    {
      "string_map_data": {
        "First Name": {
          "value": "Juliet"
        },
        "Contact Information": {
          "value": "3107755290"
        }
      }
    },
    {
      "string_map_data": {
        "First Name": {
          "value": "Christy"
        },
        "Contact Information": {
          "value": "3108746838"
        }
      }
    },
    {
      "string_map_data": {
        "First Name": {
          "value": "Tommy"
        },
        "Contact Information": {
          "value": "8186679398"
        }
      }
    },
    {
      "string_map_data": {
        "First Name": {
          "value": "Deija"
        },
        "Contact Information": {
          "value": "4242895440"
        }
      }
    },
    {
      "string_map_data": {
        "First Name": {
          "value": "Greg"
        },
        "Contact Information": {
          "value": "3102837555"
        }
      }
    },
    {
      "string_map_data": {
        "First Name": {
          "value": "Luca"
        },
        "Contact Information": {
          "value": "3106994492"
        }
      }
    },
    {
      "string_map_data": {
        "First Name": {
          "value": "SophiaMaria"
        },
        "Last Name": {
          "value": "Jarlinge"
        },
        "Contact Information": {
          "value": "8187916370"
        }
      }
    },
    {
      "string_map_data": {
        "First Name": {
          "value": "Ezra"
        },
        "Contact Information": {
          "value": "8188779943"
        }
      }
    },
    {
      "string_map_data": {
        "First Name": {
          "value": "Nic"
        },
        "Contact Information": {
          "value": "8054408500"
        }
      }
    },
    {
      "string_map_data": {
        "Contact Information": {
          "value": "sina.monjazeb@gmail.com"
        }
      }
    },
    {
      "string_map_data": {
        "First Name": {
          "value": "Courtny\u00f0\u009f\u008f\u00a0\u00f0\u009f\u009b\u008d"
        },
        "Contact Information": {
          "value": "3105707511"
        }
      }
    },
    {
      "string_map_data": {
        "First Name": {
          "value": "Yael"
        },
        "Contact Information": {
          "value": "8187466776"
        }
      }
    },
    {
      "string_map_data": {
        "First Name": {
          "value": "Justin"
        },
        "Contact Information": {
          "value": "4802736963"
        }
      }
    },
    {
      "string_map_data": {
        "First Name": {
          "value": "Ella"
        },
        "Contact Information": {
          "value": "3108542540"
        }
      }
    },
    {
      "string_map_data": {
        "First Name": {
          "value": "Talia"
        },
        "Contact Information": {
          "value": "8184004541"
        }
      }
    },
    {
      "string_map_data": {
        "First Name": {
          "value": "Nicolas"
        },
        "Contact Information": {
          "value": "3106223210"
        }
      }
    },
    {
      "string_map_data": {
        "First Name": {
          "value": "Daddy Butt Chin"
        },
        "Contact Information": {
          "value": "3109238359"
        }
      }
    },
    {
      "string_map_data": {
        "First Name": {
          "value": "Max"
        },
        "Last Name": {
          "value": "Rodin"
        },
        "Contact Information": {
          "value": "8185228834"
        }
      }
    },
    {
      "string_map_data": {
        "First Name": {
          "value": "Olivia"
        },
        "Contact Information": {
          "value": "4243599484"
        }
      }
    },
    {
      "string_map_data": {
        "First Name": {
          "value": "Elie"
        },
        "Contact Information": {
          "value": "8189407335"
        }
      }
    },
    {
      "string_map_data": {
        "First Name": {
          "value": "Walter"
        },
        "Contact Information": {
          "value": "3104848742"
        }
      }
    },
    {
      "string_map_data": {
        "First Name": {
          "value": "Jackson"
        },
        "Last Name": {
          "value": "Goldman"
        },
        "Contact Information": {
          "value": "4243166849"
        }
      }
    },
    {
      "string_map_data": {
        "First Name": {
          "value": "Larry"
        },
        "Contact Information": {
          "value": "8184484288"
        }
      }
    }
  ]
}