{
  "impressions_history_ads_seen": [
    {
      "string_map_data": {
        "Author": {
          "value": "rocketmoney"
        },
        "Time": {
          "timestamp": 1770059153
        }
      }
    },
    {
      "string_map_data": {
        "Author": {
          "value": "candlelight.concerts"
        },
        "Time": {
          "timestamp": 1770130582
        }
      }
    },
    {
      "string_map_data": {
        "Author": {
          "value": "decarba_store"
        },
        "Time": {
          "timestamp": 1770237259
        }
      }
    },
    {
      "string_map_data": {
        "Author": {
          "value": "le.petitchef"
        },
        "Time": {
          "timestamp": 1770243714
        }
      }
    },
    {
      "string_map_data": {
        "Author": {
          "value": "candlelight.concerts"
        },
        "Time": {
          "timestamp": 1770243716
        }
      }
    },
    {
      "string_map_data": {
        "Author": {
          "value": "le.petitchef"
        },
        "Time": {
          "timestamp": 1770254956
        }
      }
    },
    {
      "string_map_data": {
        "Author": {
          "value": "rooftopcinemaclub"
        },
        "Time": {
          "timestamp": 1770254975
        }
      }
    },
    {
      "string_map_data": {
        "Author": {
          "value": "pictureperfectluis"
        },
        "Time": {
          "timestamp": 1770254993
        }
      }
    },
    {
      "string_map_data": {
        "Author": {
          "value": "thejuryexperience"
        },
        "Time": {
          "timestamp": 1770254994
        }
      }
    },
    {
      "string_map_data": {
        "Author": {
          "value": "skims"
        },
        "Time": {
          "timestamp": 1770258038
        }
      }
    },
    {
      "string_map_data": {
        "Author": {
          "value": "camelbackresortpa"
        },
        "Time": {
          "timestamp": 1770309266
        }
      }
    },
    {
      "string_map_data": {
        "Author": {
          "value": "spygamesofficial"
        },
        "Time": {
          "timestamp": 1770313242
        }
      }
    },
    {
      "string_map_data": {
        "Author": {
          "value": "anniefoodle"
        },
        "Time": {
          "timestamp": 1770313266
        }
      }
    },
    {
      "string_map_data": {
        "Author": {
          "value": "deukified"
        },
        "Time": {
          "timestamp": 1770313888
        }
      }
    },
    {
      "string_map_data": {
        "Author": {
          "value": "swingersldn"
        },
        "Time": {
          "timestamp": 1770329638
        }
      }
    },
    {
      "string_map_data": {
        "Author": {
          "value": "bookofmormon"
        },
        "Time": {
          "timestamp": 1770346442
        }
      }
    },
    {
      "string_map_data": {
        "Author": {
          "value": "kimkardashian"
        },
        "Time": {
          "timestamp": 1770348195
        }
      }
    },
    {
      "string_map_data": {
        "Author": {
          "value": "candlelight.concerts"
        },
        "Time": {
          "timestamp": 1770400487
        }
      }
    },
    {
      "string_map_data": {
        "Author": {
          "value": "warmies_usa"
        },
        "Time": {
          "timestamp": 1770402921
        }
      }
    },
    {
      "string_map_data": {
        "Author": {
          "value": "thebureaufashionweek"
        },
        "Time": {
          "timestamp": 1770402951
        }
      }
    },
    {
      "string_map_data": {
        "Author": {
          "value": "progressive"
        },
        "Time": {
          "timestamp": 1770402968
        }
      }
    },
    {
      "string_map_data": {
        "Author": {
          "value": "rooftopcinemaclub"
        },
        "Time": {
          "timestamp": 1770407724
        }
      }
    },
    {
      "string_map_data": {
        "Author": {
          "value": "tastytravelsmerge"
        },
        "Time": {
          "timestamp": 1770418148
        }
      }
    },
    {
      "string_map_data": {
        "Author": {
          "value": "drunkshakespeare"
        },
        "Time": {
          "timestamp": 1770418185
        }
      }
    },
    {
      "string_map_data": {
        "Author": {
          "value": "xclash0579"
        },
        "Time": {
          "timestamp": 1770418231
        }
      }
    },
    {
      "string_map_data": {
        "Author": {
          "value": "rocketmoney"
        },
        "Time": {
          "timestamp": 1770418254
        }
      }
    },
    {
      "string_map_data": {
        "Author": {
          "value": "supremacycallof.w"
        },
        "Time": {
          "timestamp": 1770418256
        }
      }
    },
    {
      "string_map_data": {
        "Author": {
          "value": "printyourplaces"
        },
        "Time": {
          "timestamp": 1770418352
        }
      }
    },
    {
      "string_map_data": {
        "Author": {
          "value": "overmortal_global"
        },
        "Time": {
          "timestamp": 1770418435
        }
      }
    },
    {
      "string_map_data": {
        "Author": {
          "value": "capybara.go.official"
        },
        "Time": {
          "timestamp": 1770418512
        }
      }
    },
    {
      "string_map_data": {
        "Author": {
          "value": "blockgo4817"
        },
        "Time": {
          "timestamp": 1770418632
        }
      }
    },
    {
      "string_map_data": {
        "Author": {
          "value": "premiumbandai_usa"
        },
        "Time": {
          "timestamp": 1770418684
        }
      }
    },
    {
      "string_map_data": {
        "Author": {
          "value": "t.idlecinema"
        },
        "Time": {
          "timestamp": 1770418844
        }
      }
    },
    {
      "string_map_data": {
        "Author": {
          "value": "oreo"
        },
        "Time": {
          "timestamp": 1770418898
        }
      }
    },
    {
      "string_map_data": {
        "Author": {
          "value": "puppy_yogaclub"
        },
        "Time": {
          "timestamp": 1770476981
        }
      }
    },
    {
      "string_map_data": {
        "Author": {
          "value": "oreo"
        },
        "Time": {
          "timestamp": 1770488748
        }
      }
    },
    {
      "string_map_data": {
        "Author": {
          "value": "rocketmoney"
        },
        "Time": {
          "timestamp": 1770489353
        }
      }
    },
    {
      "string_map_data": {
        "Author": {
          "value": "gotconquest"
        },
        "Time": {
          "timestamp": 1770489358
        }
      }
    },
    {
      "string_map_data": {
        "Author": {
          "value": "f1clashgame"
        },
        "Time": {
          "timestamp": 1770489360
        }
      }
    },
    {
      "string_map_data": {
        "Author": {
          "value": "tastytravelsmerge"
        },
        "Time": {
          "timestamp": 1770495782
        }
      }
    },
    {
      "string_map_data": {
        "Author": {
          "value": "skims"
        },
        "Time": {
          "timestamp": 1770495793
        }
      }
    },
    {
      "string_map_data": {
        "Author": {
          "value": "meundies"
        },
        "Time": {
          "timestamp": 1770495795
        }
      }
    },
    {
      "string_map_data": {
        "Author": {
          "value": "sculpdit"
        },
        "Time": {
          "timestamp": 1770495855
        }
      }
    },
    {
      "string_map_data": {
        "Author": {
          "value": "candlelight.concerts"
        },
        "Time": {
          "timestamp": 1770518627
        }
      }
    },
    {
      "string_map_data": {
        "Author": {
          "value": "bayvillescreampark"
        },
        "Time": {
          "timestamp": 1770652692
        }
      }
    },
    {
      "string_map_data": {
        "Author": {
          "value": "candlelight.concerts"
        },
        "Time": {
          "timestamp": 1770652692
        }
      }
    },
    {
      "string_map_data": {
        "Author": {
          "value": "rooftopcinemaclub"
        },
        "Time": {
          "timestamp": 1770652707
        }
      }
    },
    {
      "string_map_data": {
        "Author": {
          "value": "puppy_yogaclub"
        },
        "Time": {
          "timestamp": 1770652752
        }
      }
    },
    {
      "string_map_data": {
        "Author": {
          "value": "tiles_survive_game"
        },
        "Time": {
          "timestamp": 1770652752
        }
      }
    },
    {
      "string_map_data": {
        "Author": {
          "value": "evodefense.t"
        },
        "Time": {
          "timestamp": 1770652782
        }
      }
    },
    {
      "string_map_data": {
        "Author": {
          "value": "whiteoutsurvival"
        },
        "Time": {
          "timestamp": 1770652782
        }
      }
    },
    {
      "string_map_data": {
        "Author": {
          "value": "tastytravelsmerge"
        },
        "Time": {
          "timestamp": 1770652872
        }
      }
    },
    {
      "string_map_data": {
        "Author": {
          "value": "rockefellercenter"
        },
        "Time": {
          "timestamp": 1770652953
        }
      }
    },
    {
      "string_map_data": {
        "Author": {
          "value": "thejuryexperience"
        },
        "Time": {
          "timestamp": 1770652986
        }
      }
    },
    {
      "string_map_data": {
        "Author": {
          "value": "rocketmoney"
        },
        "Time": {
          "timestamp": 1770060598
        }
      }
    },
    {
      "string_map_data": {
        "Author": {
          "value": "elysian_clo"
        },
        "Time": {
          "timestamp": 1770087566
        }
      }
    },
    {
      "string_map_data": {
        "Author": {
          "value": "candlelight.concerts"
        },
        "Time": {
          "timestamp": 1770130577
        }
      }
    },
    {
      "string_map_data": {
        "Author": {
          "value": "candlelight.concerts"
        },
        "Time": {
          "timestamp": 1770131917
        }
      }
    },
    {
      "string_map_data": {
        "Author": {
          "value": "candlelight.concerts"
        },
        "Time": {
          "timestamp": 1770224687
        }
      }
    },
    {
      "string_map_data": {
        "Author": {
          "value": "candlelight.concerts"
        },
        "Time": {
          "timestamp": 1770235151
        }
      }
    },
    {
      "string_map_data": {
        "Author": {
          "value": "loxandchain"
        },
        "Time": {
          "timestamp": 1770237245
        }
      }
    },
    {
      "string_map_data": {
        "Author": {
          "value": "candlelight.concerts"
        },
        "Time": {
          "timestamp": 1770237245
        }
      }
    },
    {
      "string_map_data": {
        "Author": {
          "value": "decarba_store"
        },
        "Time": {
          "timestamp": 1770237280
        }
      }
    },
    {
      "string_map_data": {
        "Author": {
          "value": "bloomieblankets"
        },
        "Time": {
          "timestamp": 1770237280
        }
      }
    },
    {
      "string_map_data": {
        "Author": {
          "value": "kimkardashian"
        },
        "Time": {
          "timestamp": 1770237280
        }
      }
    },
    {
      "string_map_data": {
        "Author": {
          "value": "le.petitchef"
        },
        "Time": {
          "timestamp": 1770254933
        }
      }
    },
    {
      "string_map_data": {
        "Author": {
          "value": "candlelight.concerts"
        },
        "Time": {
          "timestamp": 1770254992
        }
      }
    },
    {
      "string_map_data": {
        "Author": {
          "value": "rooftopcinemaclub"
        },
        "Time": {
          "timestamp": 1770254992
        }
      }
    },
    {
      "string_map_data": {
        "Author": {
          "value": "le.petitchef"
        },
        "Time": {
          "timestamp": 1770254992
        }
      }
    },
    {
      "string_map_data": {
        "Author": {
          "value": "pictureperfectluis"
        },
        "Time": {
          "timestamp": 1770258026
        }
      }
    },
    {
      "string_map_data": {
        "Author": {
          "value": "thejuryexperience"
        },
        "Time": {
          "timestamp": 1770258026
        }
      }
    },
    {
      "string_map_data": {
        "Author": {
          "value": "skims"
        },
        "Time": {
          "timestamp": 1770259703
        }
      }
    },
    {
      "string_map_data": {
        "Author": {
          "value": "elysian_clo"
        },
        "Time": {
          "timestamp": 1770259727
        }
      }
    },
    {
      "string_map_data": {
        "Author": {
          "value": "sumoandsushi"
        },
        "Time": {
          "timestamp": 1770262106
        }
      }
    },
    {
      "string_map_data": {
        "Author": {
          "value": "thetinycupboard"
        },
        "Time": {
          "timestamp": 1770313237
        }
      }
    },
    {
      "string_map_data": {
        "Author": {
          "value": "camelbackresortpa"
        },
        "Time": {
          "timestamp": 1770313237
        }
      }
    },
    {
      "string_map_data": {
        "Author": {
          "value": "puppy_yogaclub"
        },
        "Time": {
          "timestamp": 1770313237
        }
      }
    },
    {
      "string_map_data": {
        "Author": {
          "value": "spygamesofficial"
        },
        "Time": {
          "timestamp": 1770313259
        }
      }
    },
    {
      "string_map_data": {
        "Author": {
          "value": "anniefoodle"
        },
        "Time": {
          "timestamp": 1770313815
        }
      }
    },
    {
      "string_map_data": {
        "Author": {
          "value": "deukified"
        },
        "Time": {
          "timestamp": 1770329517
        }
      }
    },
    {
      "string_map_data": {
        "Author": {
          "value": "rooftopcinemaclub"
        },
        "Time": {
          "timestamp": 1770333202
        }
      }
    },
    {
      "string_map_data": {
        "Author": {
          "value": "swingersldn"
        },
        "Time": {
          "timestamp": 1770333202
        }
      }
    },
    {
      "string_map_data": {
        "Author": {
          "value": "bookofmormon"
        },
        "Time": {
          "timestamp": 1770347334
        }
      }
    },
    {
      "string_map_data": {
        "Author": {
          "value": "candlelight.concerts"
        },
        "Time": {
          "timestamp": 1770348172
        }
      }
    },
    {
      "string_map_data": {
        "Author": {
          "value": "kimkardashian"
        },
        "Time": {
          "timestamp": 1770349864
        }
      }
    },
    {
      "string_map_data": {
        "Author": {
          "value": "kalshi"
        },
        "Time": {
          "timestamp": 1770400318
        }
      }
    },
    {
      "string_map_data": {
        "Author": {
          "value": "rocketmoney"
        },
        "Time": {
          "timestamp": 1770400485
        }
      }
    },
    {
      "string_map_data": {
        "Author": {
          "value": "candlelight.concerts"
        },
        "Time": {
          "timestamp": 1770402743
        }
      }
    },
    {
      "string_map_data": {
        "Author": {
          "value": "warmies_usa"
        },
        "Time": {
          "timestamp": 1770402927
        }
      }
    },
    {
      "string_map_data": {
        "Author": {
          "value": "nybucketlist"
        },
        "Time": {
          "timestamp": 1770402927
        }
      }
    },
    {
      "string_map_data": {
        "Author": {
          "value": "thebureaufashionweek"
        },
        "Time": {
          "timestamp": 1770402968
        }
      }
    },
    {
      "string_map_data": {
        "Author": {
          "value": "progressive"
        },
        "Time": {
          "timestamp": 1770403029
        }
      }
    },
    {
      "string_map_data": {
        "Author": {
          "value": "whiteoutsurvival"
        },
        "Time": {
          "timestamp": 1770403029
        }
      }
    },
    {
      "string_map_data": {
        "Author": {
          "value": "kingshot_mobile"
        },
        "Time": {
          "timestamp": 1770404929
        }
      }
    },
    {
      "string_map_data": {
        "Author": {
          "value": "rooftopcinemaclub"
        },
        "Time": {
          "timestamp": 1770407751
        }
      }
    },
    {
      "string_map_data": {
        "Author": {
          "value": "hardjewelry"
        },
        "Time": {
          "timestamp": 1770411007
        }
      }
    },
    {
      "string_map_data": {
        "Author": {
          "value": "drunkshakespeare"
        },
        "Time": {
          "timestamp": 1770418219
        }
      }
    },
    {
      "string_map_data": {
        "Author": {
          "value": "tastytravelsmerge"
        },
        "Time": {
          "timestamp": 1770418219
        }
      }
    },
    {
      "string_map_data": {
        "Author": {
          "value": "sorryworldgame"
        },
        "Time": {
          "timestamp": 1770418259
        }
      }
    },
    {
      "string_map_data": {
        "Author": {
          "value": "rocketmoney"
        },
        "Time": {
          "timestamp": 1770418259
        }
      }
    },
    {
      "string_map_data": {
        "Author": {
          "value": "xclash0579"
        },
        "Time": {
          "timestamp": 1770418259
        }
      }
    },
    {
      "string_map_data": {
        "Author": {
          "value": "printyourplaces"
        },
        "Time": {
          "timestamp": 1770418384
        }
      }
    },
    {
      "string_map_data": {
        "Author": {
          "value": "supremacycallof.w"
        },
        "Time": {
          "timestamp": 1770418384
        }
      }
    },
    {
      "string_map_data": {
        "Author": {
          "value": "wingsofheroesofficial"
        },
        "Time": {
          "timestamp": 1770418384
        }
      }
    },
    {
      "string_map_data": {
        "Author": {
          "value": "overmortal_global"
        },
        "Time": {
          "timestamp": 1770418494
        }
      }
    },
    {
      "string_map_data": {
        "Author": {
          "value": "conflictofnationsmodernw5670"
        },
        "Time": {
          "timestamp": 1770418494
        }
      }
    },
    {
      "string_map_data": {
        "Author": {
          "value": "bicyclecards"
        },
        "Time": {
          "timestamp": 1770418494
        }
      }
    },
    {
      "string_map_data": {
        "Author": {
          "value": "bicyclecards"
        },
        "Time": {
          "timestamp": 1770418494
        }
      }
    },
    {
      "string_map_data": {
        "Author": {
          "value": "whiteoutsurvival"
        },
        "Time": {
          "timestamp": 1770418645
        }
      }
    },
    {
      "string_map_data": {
        "Author": {
          "value": "capybara.go.official"
        },
        "Time": {
          "timestamp": 1770418645
        }
      }
    },
    {
      "string_map_data": {
        "Author": {
          "value": "blockgo4817"
        },
        "Time": {
          "timestamp": 1770418777
        }
      }
    },
    {
      "string_map_data": {
        "Author": {
          "value": "kingshot_mobile"
        },
        "Time": {
          "timestamp": 1770418777
        }
      }
    },
    {
      "string_map_data": {
        "Author": {
          "value": "premiumbandai_usa"
        },
        "Time": {
          "timestamp": 1770418777
        }
      }
    },
    {
      "string_map_data": {
        "Author": {
          "value": "royalkingdom"
        },
        "Time": {
          "timestamp": 1770418875
        }
      }
    },
    {
      "string_map_data": {
        "Author": {
          "value": "t.idlecinema"
        },
        "Time": {
          "timestamp": 1770418875
        }
      }
    },
    {
      "string_map_data": {
        "Author": {
          "value": "oreo"
        },
        "Time": {
          "timestamp": 1770419172
        }
      }
    },
    {
      "string_map_data": {
        "Author": {
          "value": "puppy_yogaclub"
        },
        "Time": {
          "timestamp": 1770479541
        }
      }
    },
    {
      "string_map_data": {
        "Author": {
          "value": "oreo"
        },
        "Time": {
          "timestamp": 1770489237
        }
      }
    },
    {
      "string_map_data": {
        "Author": {
          "value": "gotconquest"
        },
        "Time": {
          "timestamp": 1770490695
        }
      }
    },
    {
      "string_map_data": {
        "Author": {
          "value": "rocketmoney"
        },
        "Time": {
          "timestamp": 1770490695
        }
      }
    },
    {
      "string_map_data": {
        "Author": {
          "value": "f1clashgame"
        },
        "Time": {
          "timestamp": 1770490695
        }
      }
    },
    {
      "string_map_data": {
        "Author": {
          "value": "tastytravelsmerge"
        },
        "Time": {
          "timestamp": 1770495793
        }
      }
    },
    {
      "string_map_data": {
        "Author": {
          "value": "meundies"
        },
        "Time": {
          "timestamp": 1770495887
        }
      }
    },
    {
      "string_map_data": {
        "Author": {
          "value": "skims"
        },
        "Time": {
          "timestamp": 1770495887
        }
      }
    },
    {
      "string_map_data": {
        "Author": {
          "value": "sculpdit"
        },
        "Time": {
          "timestamp": 1770495887
        }
      }
    },
    {
      "string_map_data": {
        "Author": {
          "value": "whiteoutsurvival"
        },
        "Time": {
          "timestamp": 1770497298
        }
      }
    },
    {
      "string_map_data": {
        "Author": {
          "value": "candlelight.concerts"
        },
        "Time": {
          "timestamp": 1770519478
        }
      }
    },
    {
      "string_map_data": {
        "Author": {
          "value": "bayvillescreampark"
        },
        "Time": {
          "timestamp": 1770576507
        }
      }
    },
    {
      "string_map_data": {
        "Author": {
          "value": "playoverwatch"
        },
        "Time": {
          "timestamp": 1770576507
        }
      }
    },
    {
      "string_map_data": {
        "Author": {
          "value": "kalshi"
        },
        "Time": {
          "timestamp": 1770592876
        }
      }
    },
    {
      "string_map_data": {
        "Author": {
          "value": "kalshi"
        },
        "Time": {
          "timestamp": 1770605011
        }
      }
    },
    {
      "string_map_data": {
        "Author": {
          "value": "drunkshakespeare"
        },
        "Time": {
          "timestamp": 1770652702
        }
      }
    },
    {
      "string_map_data": {
        "Author": {
          "value": "savagexfenty"
        },
        "Time": {
          "timestamp": 1770652702
        }
      }
    },
    {
      "string_map_data": {
        "Author": {
          "value": "bayvillescreampark"
        },
        "Time": {
          "timestamp": 1770652702
        }
      }
    },
    {
      "string_map_data": {
        "Author": {
          "value": "blenda_pechico"
        },
        "Time": {
          "timestamp": 1770652752
        }
      }
    },
    {
      "string_map_data": {
        "Author": {
          "value": "rooftopcinemaclub"
        },
        "Time": {
          "timestamp": 1770652752
        }
      }
    },
    {
      "string_map_data": {
        "Author": {
          "value": "puppy_yogaclub"
        },
        "Time": {
          "timestamp": 1770652752
        }
      }
    },
    {
      "string_map_data": {
        "Author": {
          "value": "tiles_survive_game"
        },
        "Time": {
          "timestamp": 1770652752
        }
      }
    },
    {
      "string_map_data": {
        "Author": {
          "value": "candlelight.concerts"
        },
        "Time": {
          "timestamp": 1770652752
        }
      }
    },
    {
      "string_map_data": {
        "Author": {
          "value": "printyourplaces"
        },
        "Time": {
          "timestamp": 1770652863
        }
      }
    },
    {
      "string_map_data": {
        "Author": {
          "value": "evodefense.t"
        },
        "Time": {
          "timestamp": 1770652863
        }
      }
    },
    {
      "string_map_data": {
        "Author": {
          "value": "thebureaufashionweek"
        },
        "Time": {
          "timestamp": 1770652954
        }
      }
    },
    {
      "string_map_data": {
        "Author": {
          "value": "tastytravelsmerge"
        },
        "Time": {
          "timestamp": 1770652954
        }
      }
    },
    {
      "string_map_data": {
        "Author": {
          "value": "minisuperheroestoday"
        },
        "Time": {
          "timestamp": 1770653440
        }
      }
    },
    {
      "string_map_data": {
        "Author": {
          "value": "thejuryexperience"
        },
        "Time": {
          "timestamp": 1770653440
        }
      }
    },
    {
      "string_map_data": {
        "Author": {
          "value": "rockefellercenter"
        },
        "Time": {
          "timestamp": 1770653440
        }
      }
    },
    {
      "string_map_data": {
        "Author": {
          "value": "ciaoevento"
        },
        "Time": {
          "timestamp": 1770658941
        }
      }
    },
    {
      "string_map_data": {
        "Author": {
          "value": "candlelight.concerts"
        },
        "Time": {
          "timestamp": 1770658941
        }
      }
    },
    {
      "string_map_data": {
        "Author": {
          "value": "homacus.co"
        },
        "Time": {
          "timestamp": 1770658976
        }
      }
    },
    {
      "string_map_data": {
        "Author": {
          "value": "spyscape"
        },
        "Time": {
          "timestamp": 1770658976
        }
      }
    },
    {
      "string_map_data": {
        "Author": {
          "value": "pottdpeople"
        },
        "Time": {
          "timestamp": 1770658976
        }
      }
    },
    {
      "string_map_data": {
        "Author": {
          "value": "rooftopcinemaclub"
        },
        "Time": {
          "timestamp": 1770658976
        }
      }
    },
    {
      "string_map_data": {
        "Author": {
          "value": "cursedchildus"
        },
        "Time": {
          "timestamp": 1770658976
        }
      }
    },
    {
      "string_map_data": {
        "Author": {
          "value": "progressive"
        },
        "Time": {
          "timestamp": 1770659030
        }
      }
    },
    {
      "string_map_data": {
        "Author": {
          "value": "le.petitchef"
        },
        "Time": {
          "timestamp": 1770659030
        }
      }
    },
    {
      "string_map_data": {
        "Author": {
          "value": "premiumbandai_usa"
        },
        "Time": {
          "timestamp": 1770659030
        }
      }
    },
    {
      "string_map_data": {
        "Author": {
          "value": "craft.manualliy"
        },
        "Time": {
          "timestamp": 1770659130
        }
      }
    },
    {
      "string_map_data": {
        "Author": {
          "value": "empirestatebldg"
        },
        "Time": {
          "timestamp": 1770659130
        }
      }
    },
    {
      "string_map_data": {
        "Author": {
          "value": "redpavilionbk"
        },
        "Time": {
          "timestamp": 1770659165
        }
      }
    },
    {
      "string_map_data": {
        "Author": {
          "value": "whiteoutsurvival"
        },
        "Time": {
          "timestamp": 1770659807
        }
      }
    }
  ]
}