{
  "likes_comment_likes": [
    {
      "title": "jake.trela",
      "string_list_data": [
        {
          "href": "https://www.instagram.com/reel/DTa7JLGkjpr/",
          "value": "\u00f0\u009f\u0091\u008d",
          "timestamp": 1768329116
        }
      ]
    },
    {
      "title": "solections",
      "string_list_data": [
        {
          "href": "https://www.instagram.com/p/DSYYQGzjiho/",
          "value": "\u00f0\u009f\u0091\u008d",
          "timestamp": 1766024732
        }
      ]
    },
    {
      "title": "okayhalston",
      "string_list_data": [
        {
          "href": "https://www.instagram.com/p/DRuvXlUj2W5/",
          "value": "\u00f0\u009f\u0091\u008d",
          "timestamp": 1764627847
        }
      ]
    },
    {
      "title": "jdkarten",
      "string_list_data": [
        {
          "href": "https://www.instagram.com/reel/DLk0RJJy_Vf/",
          "value": "\u00f0\u009f\u0091\u008d",
          "timestamp": 1757971316
        }
      ]
    },
    {
      "title": "earth_medic",
      "string_list_data": [
        {
          "href": "https://www.instagram.com/reel/DLt0vtwsF8y/",
          "value": "\u00f0\u009f\u0091\u008d",
          "timestamp": 1754495945
        }
      ]
    },
    {
      "title": "reevas8080",
      "string_list_data": [
        {
          "href": "https://www.instagram.com/reel/DHvr3NkptYw/",
          "value": "\u00f0\u009f\u0091\u008d",
          "timestamp": 1754495072
        }
      ]
    },
    {
      "title": "lie.deny.sanctifyy",
      "string_list_data": [
        {
          "href": "https://www.instagram.com/reel/DLOmW-KMnh_/",
          "value": "\u00f0\u009f\u0091\u008d",
          "timestamp": 1753135885
        }
      ]
    },
    {
      "title": "nicholas_tavaf9",
      "string_list_data": [
        {
          "href": "https://www.instagram.com/p/DL-gaM4OY-S/",
          "value": "\u00f0\u009f\u0091\u008d",
          "timestamp": 1752268849
        }
      ]
    },
    {
      "title": "paul_corvin0",
      "string_list_data": [
        {
          "href": "https://www.instagram.com/p/DLsbYWspnDi/",
          "value": "\u00f0\u009f\u0091\u008d",
          "timestamp": 1751651673
        }
      ]
    },
    {
      "title": "___itsmatt",
      "string_list_data": [
        {
          "href": "https://www.instagram.com/p/DJcQgWkyfu1/",
          "value": "\u00f0\u009f\u0091\u008d",
          "timestamp": 1746898722
        }
      ]
    },
    {
      "title": "jacob_accardo",
      "string_list_data": [
        {
          "href": "https://www.instagram.com/p/DJcQgWkyfu1/",
          "value": "\u00f0\u009f\u0091\u008d",
          "timestamp": 1746898715
        }
      ]
    },
    {
      "title": "ny_4_trump",
      "string_list_data": [
        {
          "href": "https://www.instagram.com/p/DG6Ev0jNe3X/",
          "value": "\u00f0\u009f\u0091\u008d",
          "timestamp": 1741383903
        }
      ]
    }
  ]
}