{
  "checkout_saved_bag_info": [
    {
      "title": "",
      "media_map_data": {
        
      },
      "string_map_data": {
        "Merchant ID": {
          "href": "",
          "value": "5468086964",
          "timestamp": 0
        },
        "Merchant Name": {
          "href": "",
          "value": "bingfucious",
          "timestamp": 0
        },
        "Product ID": {
          "href": "",
          "value": "4471913626186882",
          "timestamp": 0
        },
        "Product Name": {
          "href": "",
          "value": "",
          "timestamp": 0
        },
        "Quantity": {
          "href": "",
          "value": "1",
          "timestamp": 0
        }
      }
    }
  ]
}