{
  "checkout_saved_recently_viewed_products": [
    {
      "string_map_data": {
        "Product Name": {
          "value": "Aventon Level.2 Step-Through Commuter Ebike"
        },
        "Merchant Name": {
          "value": "aventon"
        }
      }
    },
    {
      "string_map_data": {
        "Product Name": {
          "value": "Keith Haring Lovebox"
        },
        "Merchant Name": {
          "value": "lovebox_love"
        }
      }
    },
    {
      "string_map_data": {
        "Product Name": {
          "value": "The Exec Slammer"
        },
        "Merchant Name": {
          "value": "pitviper"
        }
      }
    },
    {
      "string_map_data": {
        "Product Name": {
          "value": "HxH - BM Studios Killua"
        },
        "Merchant Name": {
          "value": "daweebstop"
        }
      }
    }
  ]
}