{
  "checkout_facebook_pay_onsite_transaction": [
    {
      "string_map_data": {
        "Transaction Date": {
          "timestamp": 1767981711
        },
        "Transaction Status": {
          "value": "Requested"
        },
        "Merchant": {
          "value": "doof.closet"
        },
        "Order ID": {
          "value": "1510898653317890"
        },
        "Products": {
          "value": "16oz indigo super slub red line selvedge denim"
        },
        "Total": {
          "value": "$185.00"
        }
      }
    }
  ]
}