{
  "media": [
    
  ],
  "label_values": [
    {
      "label": "Name",
      "vec": [
        {
          "value": "Facebook access (mobile): all mobile devices"
        },
        {
          "value": "Household income: top 10% of ZIP codes (US)"
        },
        {
          "value": "Mobile network or device users"
        },
        {
          "value": "Potential mobile network or device change"
        },
        {
          "value": "Recent mobile network or device change"
        },
        {
          "value": "Wi-Fi Usage"
        }
      ]
    }
  ],
  "fbid": "17841400735560453"
}