{
  "profile_friend_map": [
    {
      "title": "",
      "media_map_data": {
        
      },
      "string_map_data": {
        "Sharing audience": {
          "href": "",
          "value": "ONLY_OWNER",
          "timestamp": 0
        },
        "Invisible mode expiry time": {
          "href": "",
          "value": "",
          "timestamp": 0
        },
        "Sharing blocklist": {
          "href": "",
          "value": "",
          "timestamp": 0
        },
        "Custom list": {
          "href": "",
          "value": "",
          "timestamp": 0
        }
      }
    },
    {
      "title": "",
      "media_map_data": {
        
      },
      "string_map_data": {
        "Incoming requests": {
          "href": "",
          "value": "",
          "timestamp": 0
        },
        "Outgoing requests": {
          "href": "",
          "value": "",
          "timestamp": 0
        }
      }
    }
  ]
}