{
  "profile_user": [
    {
      "title": "User Information",
      "media_map_data": {
        "Profile Photo": {
          "uri": "media/profile/202404/18011743328142166.jpg",
          "creation_timestamp": 1714441402,
          "media_metadata": {
            "camera_metadata": {
              "has_camera_metadata": false
            }
          },
          "title": "",
          "cross_post_source": {
            "source_app": "FB"
          }
        }
      },
      "string_map_data": {
        "Email": {
          "href": "",
          "value": "aryatavaf9@gmail.com",
          "timestamp": 0
        },
        "Phone Confirmed": {
          "href": "",
          "value": "False",
          "timestamp": 0
        },
        "Username": {
          "href": "",
          "value": "nicholas_tavaf9",
          "timestamp": 0
        },
        "Name": {
          "href": "",
          "value": "NICKTTTTTTTTTTTTTTTTTTTTTTTT",
          "timestamp": 0
        },
        "Gender": {
          "href": "",
          "value": "unspecified",
          "timestamp": 0
        },
        "Date of birth": {
          "href": "",
          "value": "1995-11-09",
          "timestamp": 0
        },
        "Private Account": {
          "href": "",
          "value": "True",
          "timestamp": 0
        },
        "Emoji Pong High Score": {
          "href": "",
          "value": "0",
          "timestamp": 0
        }
      }
    }
  ]
}