{
  "ig_autofill_data": {
    "tel": "(310) 962-3133",
    "tel_country_code": "",
    "tel_national": "",
    "tel_area_code": "",
    "tel_local": "",
    "tel_local_prefix": "",
    "tel_local_suffix": "",
    "street_address": "",
    "address_line1": "10753 Wellworth Avenue",
    "address_line2": "",
    "address_line3": "",
    "address_level1": "CA",
    "address_level2": "Los Angeles",
    "address_level3": "",
    "address_level4": "",
    "country": "",
    "country_name": "",
    "postal_code": "90024",
    "email": "aryatavaf9@gmail.com",
    "family_name": "Tavaf",
    "given_name": "Nick"
  }
}