{
  "apps_and_websites_off_meta_activity": [
    {
      "name": "Los Angeles Apparel",
      "events": [
        {
          "id": 804675412480802,
          "type": "CUSTOM",
          "timestamp": 1770474480
        },
        {
          "id": 804675412480802,
          "type": "CUSTOM",
          "timestamp": 1770388080
        },
        {
          "id": 804675412480802,
          "type": "CUSTOM",
          "timestamp": 1770303000
        },
        {
          "id": 804675412480802,
          "type": "CUSTOM",
          "timestamp": 1770215520
        },
        {
          "id": 804675412480802,
          "type": "CUSTOM",
          "timestamp": 1770128940
        },
        {
          "id": 804675412480802,
          "type": "CUSTOM",
          "timestamp": 1770042480
        },
        {
          "id": 804675412480802,
          "type": "CUSTOM",
          "timestamp": 1769957520
        },
        {
          "id": 804675412480802,
          "type": "CUSTOM",
          "timestamp": 1769869680
        },
        {
          "id": 804675412480802,
          "type": "CUSTOM",
          "timestamp": 1769783280
        },
        {
          "id": 804675412480802,
          "type": "CUSTOM",
          "timestamp": 1769696580
        },
        {
          "id": 804675412480802,
          "type": "CUSTOM",
          "timestamp": 1769610540
        },
        {
          "id": 804675412480802,
          "type": "CUSTOM",
          "timestamp": 1769524500
        },
        {
          "id": 804675412480802,
          "type": "CUSTOM",
          "timestamp": 1769437740
        },
        {
          "id": 804675412480802,
          "type": "CUSTOM",
          "timestamp": 1769351280
        },
        {
          "id": 804675412480802,
          "type": "CUSTOM",
          "timestamp": 1769265240
        },
        {
          "id": 804675412480802,
          "type": "CUSTOM",
          "timestamp": 1769178420
        },
        {
          "id": 804675412480802,
          "type": "CUSTOM",
          "timestamp": 1769092500
        },
        {
          "id": 804675412480802,
          "type": "CUSTOM",
          "timestamp": 1769005920
        },
        {
          "id": 804675412480802,
          "type": "CUSTOM",
          "timestamp": 1768919760
        },
        {
          "id": 804675412480802,
          "type": "CUSTOM",
          "timestamp": 1768746180
        },
        {
          "id": 804675412480802,
          "type": "CUSTOM",
          "timestamp": 1768711440
        },
        {
          "id": 804675412480802,
          "type": "CUSTOM",
          "timestamp": 1768697880
        },
        {
          "id": 1682450326446585,
          "type": "CUSTOM",
          "timestamp": 1768697880
        },
        {
          "id": 4297537633899960,
          "type": "ADD_PAYMENT_INFO",
          "timestamp": 1765598460
        }
      ]
    },
    {
      "name": "BarkBox",
      "events": [
        {
          "id": 307854935398013,
          "type": "CUSTOM",
          "timestamp": 1770469260
        },
        {
          "id": 857400635909103,
          "type": "CUSTOM",
          "timestamp": 1770469020
        },
        {
          "id": 307854935398013,
          "type": "CUSTOM",
          "timestamp": 1770299880
        },
        {
          "id": 857400635909103,
          "type": "CUSTOM",
          "timestamp": 1770299640
        },
        {
          "id": 307854935398013,
          "type": "CUSTOM",
          "timestamp": 1770131640
        },
        {
          "id": 857400635909103,
          "type": "CUSTOM",
          "timestamp": 1770131340
        },
        {
          "id": 307854935398013,
          "type": "CUSTOM",
          "timestamp": 1769995980
        },
        {
          "id": 307854935398013,
          "type": "CUSTOM",
          "timestamp": 1768708140
        },
        {
          "id": 857400635909103,
          "type": "CUSTOM",
          "timestamp": 1768707900
        },
        {
          "id": 307854935398013,
          "type": "CUSTOM",
          "timestamp": 1768678740
        },
        {
          "id": 857400635909103,
          "type": "CUSTOM",
          "timestamp": 1768678440
        },
        {
          "id": 307854935398013,
          "type": "CUSTOM",
          "timestamp": 1768361760
        },
        {
          "id": 857400635909103,
          "type": "CUSTOM",
          "timestamp": 1768361460
        },
        {
          "id": 307854935398013,
          "type": "CUSTOM",
          "timestamp": 1768333800
        },
        {
          "id": 857400635909103,
          "type": "CUSTOM",
          "timestamp": 1768333560
        },
        {
          "id": 307854935398013,
          "type": "CUSTOM",
          "timestamp": 1768040580
        },
        {
          "id": 857400635909103,
          "type": "CUSTOM",
          "timestamp": 1768040340
        },
        {
          "id": 307854935398013,
          "type": "CUSTOM",
          "timestamp": 1768032180
        },
        {
          "id": 857400635909103,
          "type": "CUSTOM",
          "timestamp": 1768031880
        },
        {
          "id": 307854935398013,
          "type": "CUSTOM",
          "timestamp": 1768028580
        },
        {
          "id": 857400635909103,
          "type": "CUSTOM",
          "timestamp": 1768028280
        },
        {
          "id": 307854935398013,
          "type": "CUSTOM",
          "timestamp": 1767058680
        },
        {
          "id": 857400635909103,
          "type": "CUSTOM",
          "timestamp": 1767058380
        },
        {
          "id": 307854935398013,
          "type": "CUSTOM",
          "timestamp": 1766984760
        },
        {
          "id": 857400635909103,
          "type": "CUSTOM",
          "timestamp": 1766984460
        },
        {
          "id": 307854935398013,
          "type": "CUSTOM",
          "timestamp": 1766697300
        },
        {
          "id": 857400635909103,
          "type": "CUSTOM",
          "timestamp": 1766697000
        },
        {
          "id": 307854935398013,
          "type": "CUSTOM",
          "timestamp": 1766695140
        },
        {
          "id": 857400635909103,
          "type": "CUSTOM",
          "timestamp": 1766694840
        },
        {
          "id": 307854935398013,
          "type": "CUSTOM",
          "timestamp": 1766693820
        },
        {
          "id": 307854935398013,
          "type": "INITIATE_CHECKOUT",
          "timestamp": 1766693520
        },
        {
          "id": 857400635909103,
          "type": "PURCHASE",
          "timestamp": 1766693400
        }
      ]
    },
    {
      "name": "camelbackresort.com",
      "events": [
        {
          "id": 837696456382559,
          "type": "PAGE_VIEW",
          "timestamp": 1770392460
        },
        {
          "id": 1233480993477819,
          "type": "PAGE_VIEW",
          "timestamp": 1770392460
        }
      ]
    },
    {
      "name": "2Spicy Entertainment GmbH",
      "events": [
        {
          "id": 299461671188468,
          "type": "CUSTOM",
          "timestamp": 1770239160
        }
      ]
    },
    {
      "name": "lepetitchef.com",
      "events": [
        {
          "id": 299461671188468,
          "type": "CUSTOM",
          "timestamp": 1770239160
        },
        {
          "id": 299461671188468,
          "type": "PAGE_VIEW",
          "timestamp": 1770238740
        }
      ]
    },
    {
      "name": "hyatt.com",
      "events": [
        {
          "id": 623497044413616,
          "type": "CUSTOM",
          "timestamp": 1770239040
        }
      ]
    },
    {
      "name": "feverup.com",
      "events": [
        {
          "id": 1543543449260625,
          "type": "CUSTOM",
          "timestamp": 1770130560
        }
      ]
    },
    {
      "name": "GPTZero",
      "events": [
        {
          "id": 1467820147127263,
          "type": "COMPLETE_REGISTRATION",
          "timestamp": 1769898420
        }
      ]
    },
    {
      "name": "Easypie technologes LLC",
      "events": [
        {
          "id": 1185788669814396,
          "type": "CUSTOM",
          "timestamp": 1769524500
        },
        {
          "id": 1185788669814396,
          "type": "CUSTOM",
          "timestamp": 1769351280
        },
        {
          "id": 1185788669814396,
          "type": "CUSTOM",
          "timestamp": 1769265180
        },
        {
          "id": 1185788669814396,
          "type": "CUSTOM",
          "timestamp": 1769178420
        },
        {
          "id": 1185788669814396,
          "type": "CUSTOM",
          "timestamp": 1769092320
        },
        {
          "id": 1185788669814396,
          "type": "CUSTOM",
          "timestamp": 1769005920
        },
        {
          "id": 1185788669814396,
          "type": "CUSTOM",
          "timestamp": 1768919760
        },
        {
          "id": 1185788669814396,
          "type": "CUSTOM",
          "timestamp": 1768832640
        },
        {
          "id": 1185788669814396,
          "type": "CUSTOM",
          "timestamp": 1768746240
        },
        {
          "id": 1185788669814396,
          "type": "CUSTOM",
          "timestamp": 1768711440
        },
        {
          "id": 1185788669814396,
          "type": "CUSTOM",
          "timestamp": 1768697880
        }
      ]
    },
    {
      "name": "1999_kamila",
      "events": [
        {
          "id": 1950148528900632,
          "type": "CUSTOM",
          "timestamp": 1768697880
        }
      ]
    },
    {
      "name": "paypal.com",
      "events": [
        {
          "id": 1674696026155243,
          "type": "VIEW_CONTENT",
          "timestamp": 1767995040
        }
      ]
    },
    {
      "name": "Codeway",
      "events": [
        {
          "id": 2148105732066107,
          "type": "PAGE_VIEW",
          "timestamp": 1767071640
        },
        {
          "id": 2148105732066107,
          "type": "PAGE_VIEW",
          "timestamp": 1765500540
        }
      ]
    },
    {
      "name": "MongoDB",
      "events": [
        {
          "id": 1704057423217375,
          "type": "CUSTOM",
          "timestamp": 1764947760
        },
        {
          "id": 1704057423217375,
          "type": "CUSTOM",
          "timestamp": 1764802080
        },
        {
          "id": 1704057423217375,
          "type": "CUSTOM",
          "timestamp": 1764798420
        },
        {
          "id": 1704057423217375,
          "type": "CUSTOM",
          "timestamp": 1764798240
        }
      ]
    },
    {
      "name": "Constellation Software Inc.",
      "events": [
        {
          "id": 925622721507487,
          "type": "PAGE_VIEW",
          "timestamp": 1763193780
        }
      ]
    },
    {
      "name": "Dealer Dot Com",
      "events": [
        {
          "id": 527836774708604,
          "type": "PAGE_VIEW",
          "timestamp": 1763193780
        }
      ]
    },
    {
      "name": "DoorDash",
      "events": [
        {
          "id": 2001002407341172,
          "type": "CUSTOM",
          "timestamp": 1761946380
        },
        {
          "id": 2001002407341172,
          "type": "CUSTOM",
          "timestamp": 1761929220
        }
      ]
    },
    {
      "name": "ELYSIAN",
      "events": [
        {
          "id": 5744437772329634,
          "type": "PAGE_VIEW",
          "timestamp": 1761502020
        },
        {
          "id": 5744437772329634,
          "type": "PAGE_VIEW",
          "timestamp": 1748272440
        },
        {
          "id": 5744437772329634,
          "type": "PAGE_VIEW",
          "timestamp": 1746565320
        }
      ]
    },
    {
      "name": "Berlinc Clothing",
      "events": [
        {
          "id": 425129003643308,
          "type": "PURCHASE",
          "timestamp": 1760641560
        },
        {
          "id": 425129003643308,
          "type": "VIEW_CONTENT",
          "timestamp": 1760575980
        },
        {
          "id": 425129003643308,
          "type": "ADD_TO_CART",
          "timestamp": 1758643560
        },
        {
          "id": 425129003643308,
          "type": "ADD_TO_CART",
          "timestamp": 1758514260
        },
        {
          "id": 425129003643308,
          "type": "PAGE_VIEW",
          "timestamp": 1746197820
        }
      ]
    },
    {
      "name": "HelloFresh",
      "events": [
        {
          "id": 1458294441254722,
          "type": "PAGE_VIEW",
          "timestamp": 1759963200
        }
      ]
    },
    {
      "name": "Optimal Performance",
      "events": [
        {
          "id": 1574845959403785,
          "type": "PAGE_VIEW",
          "timestamp": 1759963200
        }
      ]
    },
    {
      "name": "Cold Culture",
      "events": [
        {
          "id": 546401879289379,
          "type": "PAGE_VIEW",
          "timestamp": 1759464840
        }
      ]
    },
    {
      "name": "Bose",
      "events": [
        {
          "id": 614560262052456,
          "type": "CUSTOM",
          "timestamp": 1758902340
        }
      ]
    },
    {
      "name": "Chegg",
      "events": [
        {
          "id": 1626332390972938,
          "type": "CUSTOM",
          "timestamp": 1758740940
        },
        {
          "id": 1626332390972938,
          "type": "COMPLETE_REGISTRATION",
          "timestamp": 1745521020
        }
      ]
    },
    {
      "name": "\u00e9\u0087\u008d\u00e5\u00ba\u0086\u00e5\u00bc\u00ba\u00e7\u00bc\u0098\u00e5\u00bb\u00ba\u00e5\u0095\u0086\u00e8\u00b4\u00b8\u00e6\u009c\u0089\u00e9\u0099\u0090\u00e5\u0085\u00ac\u00e5\u008f\u00b8-thesupermade",
      "events": [
        {
          "id": 252408741137150,
          "type": "VIEW_CONTENT",
          "timestamp": 1758052920
        }
      ]
    },
    {
      "name": "Criteo US",
      "events": [
        {
          "id": 1676787993154395,
          "type": "PAGE_VIEW",
          "timestamp": 1758052620
        }
      ]
    },
    {
      "name": "Youtooz",
      "events": [
        {
          "id": 2424878544210738,
          "type": "VIEW_CONTENT",
          "timestamp": 1753826220
        }
      ]
    },
    {
      "name": "Mondo",
      "events": [
        {
          "id": 958048930918233,
          "type": "VIEW_CONTENT",
          "timestamp": 1752799620
        }
      ]
    },
    {
      "name": "Rankistan",
      "events": [
        {
          "id": 1539645323048476,
          "type": "PAGE_VIEW",
          "timestamp": 1750345500
        }
      ]
    },
    {
      "name": "SoFi",
      "events": [
        {
          "id": 901708561520120,
          "type": "CUSTOM",
          "timestamp": 1749932880
        }
      ]
    },
    {
      "name": "The Woobles",
      "events": [
        {
          "id": 496114866389928,
          "type": "PAGE_VIEW",
          "timestamp": 1749320160
        }
      ]
    },
    {
      "name": "Learneo",
      "events": [
        {
          "id": 3825961284112163,
          "type": "CUSTOM",
          "timestamp": 1746981000
        },
        {
          "id": 3825961284112163,
          "type": "PAGE_VIEW",
          "timestamp": 1746980460
        }
      ]
    },
    {
      "name": "Anthropic",
      "events": [
        {
          "id": 468742119653388,
          "type": "PURCHASE",
          "timestamp": 1746716340
        },
        {
          "id": 468742119653388,
          "type": "COMPLETE_REGISTRATION",
          "timestamp": 1746712260
        }
      ]
    },
    {
      "name": "ClassBento",
      "events": [
        {
          "id": 307206510941588,
          "type": "PURCHASE",
          "timestamp": 1746631260
        }
      ]
    },
    {
      "name": "Symbiosys",
      "events": [
        {
          "id": 1358697691475991,
          "type": "CUSTOM",
          "timestamp": 1744766520
        },
        {
          "id": 1358697691475991,
          "type": "CUSTOM",
          "timestamp": 1744758480
        },
        {
          "id": 1358697691475991,
          "type": "CUSTOM",
          "timestamp": 1743908580
        },
        {
          "id": 1358697691475991,
          "type": "CUSTOM",
          "timestamp": 1743898500
        },
        {
          "id": 1358697691475991,
          "type": "CUSTOM",
          "timestamp": 1743818580
        },
        {
          "id": 1358697691475991,
          "type": "CUSTOM",
          "timestamp": 1743808980
        },
        {
          "id": 1358697691475991,
          "type": "CUSTOM",
          "timestamp": 1742700960
        },
        {
          "id": 1358697691475991,
          "type": "CUSTOM",
          "timestamp": 1742689440
        },
        {
          "id": 1358697691475991,
          "type": "CUSTOM",
          "timestamp": 1740707040
        },
        {
          "id": 1358697691475991,
          "type": "CUSTOM",
          "timestamp": 1740697140
        },
        {
          "id": 1358697691475991,
          "type": "CUSTOM",
          "timestamp": 1740105960
        },
        {
          "id": 1358697691475991,
          "type": "CUSTOM",
          "timestamp": 1740092160
        },
        {
          "id": 1358697691475991,
          "type": "CUSTOM",
          "timestamp": 1739670000
        },
        {
          "id": 1358697691475991,
          "type": "CUSTOM",
          "timestamp": 1739662320
        },
        {
          "id": 1358697691475991,
          "type": "CUSTOM",
          "timestamp": 1739584080
        },
        {
          "id": 1358697691475991,
          "type": "CUSTOM",
          "timestamp": 1739582580
        }
      ]
    },
    {
      "name": "Nightcity Clothing",
      "events": [
        {
          "id": 453218021896307,
          "type": "PAGE_VIEW",
          "timestamp": 1744669320
        }
      ]
    },
    {
      "name": "Zillow",
      "events": [
        {
          "id": 547145892064117,
          "type": "VIEW_CONTENT",
          "timestamp": 1744305900
        },
        {
          "id": 547145892064117,
          "type": "ADD_PAYMENT_INFO",
          "timestamp": 1744045800
        },
        {
          "id": 547145892064117,
          "type": "ADD_PAYMENT_INFO",
          "timestamp": 1744018080
        },
        {
          "id": 547145892064117,
          "type": "ADD_PAYMENT_INFO",
          "timestamp": 1744015140
        },
        {
          "id": 547145892064117,
          "type": "VIEW_CONTENT",
          "timestamp": 1743956640
        },
        {
          "id": 547145892064117,
          "type": "VIEW_CONTENT",
          "timestamp": 1743952980
        },
        {
          "id": 547145892064117,
          "type": "VIEW_CONTENT",
          "timestamp": 1743805500
        },
        {
          "id": 547145892064117,
          "type": "VIEW_CONTENT",
          "timestamp": 1743794640
        },
        {
          "id": 547145892064117,
          "type": "VIEW_CONTENT",
          "timestamp": 1743780180
        },
        {
          "id": 547145892064117,
          "type": "VIEW_CONTENT",
          "timestamp": 1743736920
        },
        {
          "id": 547145892064117,
          "type": "PURCHASE",
          "timestamp": 1743733440
        },
        {
          "id": 547145892064117,
          "type": "VIEW_CONTENT",
          "timestamp": 1742354520
        },
        {
          "id": 547145892064117,
          "type": "VIEW_CONTENT",
          "timestamp": 1742333280
        },
        {
          "id": 547145892064117,
          "type": "VIEW_CONTENT",
          "timestamp": 1742326020
        }
      ]
    },
    {
      "name": "Massdrop",
      "events": [
        {
          "id": 185500035115139,
          "type": "PURCHASE",
          "timestamp": 1742413560
        }
      ]
    },
    {
      "name": "Inside Weather",
      "events": [
        {
          "id": 2533896223668756,
          "type": "VIEW_CONTENT",
          "timestamp": 1741143540
        },
        {
          "id": 1841133712987035,
          "type": "PAGE_VIEW",
          "timestamp": 1741143000
        },
        {
          "id": 1841133712987035,
          "type": "PAGE_VIEW",
          "timestamp": 1740878640
        }
      ]
    },
    {
      "name": "Anabei",
      "events": [
        {
          "id": 681942186070546,
          "type": "VIEW_CONTENT",
          "timestamp": 1741143000
        },
        {
          "id": 681942186070546,
          "type": "VIEW_CONTENT",
          "timestamp": 1740878640
        }
      ]
    },
    {
      "name": "BoostMobile - New/Post-Harmony",
      "events": [
        {
          "id": 1339316743459742,
          "type": "PAGE_VIEW",
          "timestamp": 1740446160
        },
        {
          "id": 1339316743459742,
          "type": "PAGE_VIEW",
          "timestamp": 1740018540
        }
      ]
    },
    {
      "name": "Rare Carat",
      "events": [
        {
          "id": 376224866101949,
          "type": "PAGE_VIEW",
          "timestamp": 1740368640
        }
      ]
    },
    {
      "name": "Model Marketing Enterprises",
      "events": [
        {
          "id": 578183218155858,
          "type": "VIEW_CONTENT",
          "timestamp": 1740158280
        }
      ]
    },
    {
      "name": "Clearspace Technologies",
      "events": [
        {
          "id": 327013129957738,
          "type": "CUSTOM",
          "timestamp": 1739996220
        }
      ]
    },
    {
      "name": "The Home Depot",
      "events": [
        {
          "id": 325302054302543,
          "type": "PAGE_VIEW",
          "timestamp": 1739530800
        },
        {
          "id": 325302054302543,
          "type": "PAGE_VIEW",
          "timestamp": 1739212500
        }
      ]
    },
    {
      "name": "Cozy Earth",
      "events": [
        {
          "id": 1216912321735541,
          "type": "VIEW_CONTENT",
          "timestamp": 1739304600
        }
      ]
    }
  ]
}