{
  "devices_devices": [
    {
      "title": "",
      "media_map_data": {
        
      },
      "string_map_data": {
        "Last Login": {
          "href": "",
          "value": "",
          "timestamp": 1770659830
        },
        "User Agent": {
          "href": "",
          "value": "Mozilla/5.0 (Windows NT 10.0; Win64; x64) AppleWebKit/537.36 (KHTML, like Gecko) Chrome/144.0.0.0 Safari/537.36",
          "timestamp": 0
        }
      }
    },
    {
      "title": "",
      "media_map_data": {
        
      },
      "string_map_data": {
        "Last Login": {
          "href": "",
          "value": "",
          "timestamp": 1756989107
        },
        "User Agent": {
          "href": "",
          "value": "Mozilla/5.0 (iPhone; CPU iPhone OS 18_6_2 like Mac OS X) AppleWebKit/605.1.15 (KHTML, like Gecko) Version/18.6 Mobile/15E148 Safari/604.1",
          "timestamp": 0
        }
      }
    },
    {
      "title": "",
      "media_map_data": {
        
      },
      "string_map_data": {
        "Last Login": {
          "href": "",
          "value": "",
          "timestamp": 1756930266
        },
        "User Agent": {
          "href": "",
          "value": "Mozilla/5.0 (Macintosh; Intel Mac OS X 10_15_7) AppleWebKit/537.36 (KHTML, like Gecko) Chrome/138.0.0.0 Safari/537.36",
          "timestamp": 0
        }
      }
    },
    {
      "title": "",
      "media_map_data": {
        
      },
      "string_map_data": {
        "Last Login": {
          "href": "",
          "value": "",
          "timestamp": 1741628691
        },
        "User Agent": {
          "href": "",
          "value": "Instagram 370.0.0.30.84 (iPhone15,2; iOS 18_3_1; en_US; en; scale=3.00; 1179x2556; 703664031) AppleWebKit/420+",
          "timestamp": 0
        }
      }
    }
  ]
}